date_id,date,year,quarter,month,month_name,week_of_year,day_of_week,is_month_end,is_quarter_end,is_year_end,is_trading_day
1,2020-01-01,2020,1,1,January,1,Wednesday,0,0,0,1
2,2020-01-02,2020,1,1,January,1,Thursday,0,0,0,1
3,2020-01-03,2020,1,1,January,1,Friday,0,0,0,1
4,2020-01-04,2020,1,1,January,1,Saturday,0,0,0,0
5,2020-01-05,2020,1,1,January,1,Sunday,0,0,0,0
6,2020-01-06,2020,1,1,January,2,Monday,0,0,0,1
7,2020-01-07,2020,1,1,January,2,Tuesday,0,0,0,1
8,2020-01-08,2020,1,1,January,2,Wednesday,0,0,0,1
9,2020-01-09,2020,1,1,January,2,Thursday,0,0,0,1
10,2020-01-10,2020,1,1,January,2,Friday,0,0,0,1
11,2020-01-11,2020,1,1,January,2,Saturday,0,0,0,0
12,2020-01-12,2020,1,1,January,2,Sunday,0,0,0,0
13,2020-01-13,2020,1,1,January,3,Monday,0,0,0,1
14,2020-01-14,2020,1,1,January,3,Tuesday,0,0,0,1
15,2020-01-15,2020,1,1,January,3,Wednesday,0,0,0,1
16,2020-01-16,2020,1,1,January,3,Thursday,0,0,0,1
17,2020-01-17,2020,1,1,January,3,Friday,0,0,0,1
18,2020-01-18,2020,1,1,January,3,Saturday,0,0,0,0
19,2020-01-19,2020,1,1,January,3,Sunday,0,0,0,0
20,2020-01-20,2020,1,1,January,4,Monday,0,0,0,1
21,2020-01-21,2020,1,1,January,4,Tuesday,0,0,0,1
22,2020-01-22,2020,1,1,January,4,Wednesday,0,0,0,1
23,2020-01-23,2020,1,1,January,4,Thursday,0,0,0,1
24,2020-01-24,2020,1,1,January,4,Friday,0,0,0,1
25,2020-01-25,2020,1,1,January,4,Saturday,0,0,0,0
26,2020-01-26,2020,1,1,January,4,Sunday,0,0,0,0
27,2020-01-27,2020,1,1,January,5,Monday,0,0,0,1
28,2020-01-28,2020,1,1,January,5,Tuesday,0,0,0,1
29,2020-01-29,2020,1,1,January,5,Wednesday,0,0,0,1
30,2020-01-30,2020,1,1,January,5,Thursday,0,0,0,1
31,2020-01-31,2020,1,1,January,5,Friday,1,0,0,1
32,2020-02-01,2020,1,2,February,5,Saturday,0,0,0,0
33,2020-02-02,2020,1,2,February,5,Sunday,0,0,0,0
34,2020-02-03,2020,1,2,February,6,Monday,0,0,0,1
35,2020-02-04,2020,1,2,February,6,Tuesday,0,0,0,1
36,2020-02-05,2020,1,2,February,6,Wednesday,0,0,0,1
37,2020-02-06,2020,1,2,February,6,Thursday,0,0,0,1
38,2020-02-07,2020,1,2,February,6,Friday,0,0,0,1
39,2020-02-08,2020,1,2,February,6,Saturday,0,0,0,0
40,2020-02-09,2020,1,2,February,6,Sunday,0,0,0,0
41,2020-02-10,2020,1,2,February,7,Monday,0,0,0,1
42,2020-02-11,2020,1,2,February,7,Tuesday,0,0,0,1
43,2020-02-12,2020,1,2,February,7,Wednesday,0,0,0,1
44,2020-02-13,2020,1,2,February,7,Thursday,0,0,0,1
45,2020-02-14,2020,1,2,February,7,Friday,0,0,0,1
46,2020-02-15,2020,1,2,February,7,Saturday,0,0,0,0
47,2020-02-16,2020,1,2,February,7,Sunday,0,0,0,0
48,2020-02-17,2020,1,2,February,8,Monday,0,0,0,1
49,2020-02-18,2020,1,2,February,8,Tuesday,0,0,0,1
50,2020-02-19,2020,1,2,February,8,Wednesday,0,0,0,1
51,2020-02-20,2020,1,2,February,8,Thursday,0,0,0,1
52,2020-02-21,2020,1,2,February,8,Friday,0,0,0,1
53,2020-02-22,2020,1,2,February,8,Saturday,0,0,0,0
54,2020-02-23,2020,1,2,February,8,Sunday,0,0,0,0
55,2020-02-24,2020,1,2,February,9,Monday,0,0,0,1
56,2020-02-25,2020,1,2,February,9,Tuesday,0,0,0,1
57,2020-02-26,2020,1,2,February,9,Wednesday,0,0,0,1
58,2020-02-27,2020,1,2,February,9,Thursday,0,0,0,1
59,2020-02-28,2020,1,2,February,9,Friday,0,0,0,1
60,2020-02-29,2020,1,2,February,9,Saturday,1,0,0,0
61,2020-03-01,2020,1,3,March,9,Sunday,0,0,0,0
62,2020-03-02,2020,1,3,March,10,Monday,0,0,0,1
63,2020-03-03,2020,1,3,March,10,Tuesday,0,0,0,1
64,2020-03-04,2020,1,3,March,10,Wednesday,0,0,0,1
65,2020-03-05,2020,1,3,March,10,Thursday,0,0,0,1
66,2020-03-06,2020,1,3,March,10,Friday,0,0,0,1
67,2020-03-07,2020,1,3,March,10,Saturday,0,0,0,0
68,2020-03-08,2020,1,3,March,10,Sunday,0,0,0,0
69,2020-03-09,2020,1,3,March,11,Monday,0,0,0,1
70,2020-03-10,2020,1,3,March,11,Tuesday,0,0,0,1
71,2020-03-11,2020,1,3,March,11,Wednesday,0,0,0,1
72,2020-03-12,2020,1,3,March,11,Thursday,0,0,0,1
73,2020-03-13,2020,1,3,March,11,Friday,0,0,0,1
74,2020-03-14,2020,1,3,March,11,Saturday,0,0,0,0
75,2020-03-15,2020,1,3,March,11,Sunday,0,0,0,0
76,2020-03-16,2020,1,3,March,12,Monday,0,0,0,1
77,2020-03-17,2020,1,3,March,12,Tuesday,0,0,0,1
78,2020-03-18,2020,1,3,March,12,Wednesday,0,0,0,1
79,2020-03-19,2020,1,3,March,12,Thursday,0,0,0,1
80,2020-03-20,2020,1,3,March,12,Friday,0,0,0,1
81,2020-03-21,2020,1,3,March,12,Saturday,0,0,0,0
82,2020-03-22,2020,1,3,March,12,Sunday,0,0,0,0
83,2020-03-23,2020,1,3,March,13,Monday,0,0,0,1
84,2020-03-24,2020,1,3,March,13,Tuesday,0,0,0,1
85,2020-03-25,2020,1,3,March,13,Wednesday,0,0,0,1
86,2020-03-26,2020,1,3,March,13,Thursday,0,0,0,1
87,2020-03-27,2020,1,3,March,13,Friday,0,0,0,1
88,2020-03-28,2020,1,3,March,13,Saturday,0,0,0,0
89,2020-03-29,2020,1,3,March,13,Sunday,0,0,0,0
90,2020-03-30,2020,1,3,March,14,Monday,0,0,0,1
91,2020-03-31,2020,1,3,March,14,Tuesday,1,1,0,1
92,2020-04-01,2020,2,4,April,14,Wednesday,0,0,0,1
93,2020-04-02,2020,2,4,April,14,Thursday,0,0,0,1
94,2020-04-03,2020,2,4,April,14,Friday,0,0,0,1
95,2020-04-04,2020,2,4,April,14,Saturday,0,0,0,0
96,2020-04-05,2020,2,4,April,14,Sunday,0,0,0,0
97,2020-04-06,2020,2,4,April,15,Monday,0,0,0,1
98,2020-04-07,2020,2,4,April,15,Tuesday,0,0,0,1
99,2020-04-08,2020,2,4,April,15,Wednesday,0,0,0,1
100,2020-04-09,2020,2,4,April,15,Thursday,0,0,0,1
101,2020-04-10,2020,2,4,April,15,Friday,0,0,0,1
102,2020-04-11,2020,2,4,April,15,Saturday,0,0,0,0
103,2020-04-12,2020,2,4,April,15,Sunday,0,0,0,0
104,2020-04-13,2020,2,4,April,16,Monday,0,0,0,1
105,2020-04-14,2020,2,4,April,16,Tuesday,0,0,0,1
106,2020-04-15,2020,2,4,April,16,Wednesday,0,0,0,1
107,2020-04-16,2020,2,4,April,16,Thursday,0,0,0,1
108,2020-04-17,2020,2,4,April,16,Friday,0,0,0,1
109,2020-04-18,2020,2,4,April,16,Saturday,0,0,0,0
110,2020-04-19,2020,2,4,April,16,Sunday,0,0,0,0
111,2020-04-20,2020,2,4,April,17,Monday,0,0,0,1
112,2020-04-21,2020,2,4,April,17,Tuesday,0,0,0,1
113,2020-04-22,2020,2,4,April,17,Wednesday,0,0,0,1
114,2020-04-23,2020,2,4,April,17,Thursday,0,0,0,1
115,2020-04-24,2020,2,4,April,17,Friday,0,0,0,1
116,2020-04-25,2020,2,4,April,17,Saturday,0,0,0,0
117,2020-04-26,2020,2,4,April,17,Sunday,0,0,0,0
118,2020-04-27,2020,2,4,April,18,Monday,0,0,0,1
119,2020-04-28,2020,2,4,April,18,Tuesday,0,0,0,1
120,2020-04-29,2020,2,4,April,18,Wednesday,0,0,0,1
121,2020-04-30,2020,2,4,April,18,Thursday,1,0,0,1
122,2020-05-01,2020,2,5,May,18,Friday,0,0,0,1
123,2020-05-02,2020,2,5,May,18,Saturday,0,0,0,0
124,2020-05-03,2020,2,5,May,18,Sunday,0,0,0,0
125,2020-05-04,2020,2,5,May,19,Monday,0,0,0,1
126,2020-05-05,2020,2,5,May,19,Tuesday,0,0,0,1
127,2020-05-06,2020,2,5,May,19,Wednesday,0,0,0,1
128,2020-05-07,2020,2,5,May,19,Thursday,0,0,0,1
129,2020-05-08,2020,2,5,May,19,Friday,0,0,0,1
130,2020-05-09,2020,2,5,May,19,Saturday,0,0,0,0
131,2020-05-10,2020,2,5,May,19,Sunday,0,0,0,0
132,2020-05-11,2020,2,5,May,20,Monday,0,0,0,1
133,2020-05-12,2020,2,5,May,20,Tuesday,0,0,0,1
134,2020-05-13,2020,2,5,May,20,Wednesday,0,0,0,1
135,2020-05-14,2020,2,5,May,20,Thursday,0,0,0,1
136,2020-05-15,2020,2,5,May,20,Friday,0,0,0,1
137,2020-05-16,2020,2,5,May,20,Saturday,0,0,0,0
138,2020-05-17,2020,2,5,May,20,Sunday,0,0,0,0
139,2020-05-18,2020,2,5,May,21,Monday,0,0,0,1
140,2020-05-19,2020,2,5,May,21,Tuesday,0,0,0,1
141,2020-05-20,2020,2,5,May,21,Wednesday,0,0,0,1
142,2020-05-21,2020,2,5,May,21,Thursday,0,0,0,1
143,2020-05-22,2020,2,5,May,21,Friday,0,0,0,1
144,2020-05-23,2020,2,5,May,21,Saturday,0,0,0,0
145,2020-05-24,2020,2,5,May,21,Sunday,0,0,0,0
146,2020-05-25,2020,2,5,May,22,Monday,0,0,0,1
147,2020-05-26,2020,2,5,May,22,Tuesday,0,0,0,1
148,2020-05-27,2020,2,5,May,22,Wednesday,0,0,0,1
149,2020-05-28,2020,2,5,May,22,Thursday,0,0,0,1
150,2020-05-29,2020,2,5,May,22,Friday,0,0,0,1
151,2020-05-30,2020,2,5,May,22,Saturday,0,0,0,0
152,2020-05-31,2020,2,5,May,22,Sunday,1,0,0,0
153,2020-06-01,2020,2,6,June,23,Monday,0,0,0,1
154,2020-06-02,2020,2,6,June,23,Tuesday,0,0,0,1
155,2020-06-03,2020,2,6,June,23,Wednesday,0,0,0,1
156,2020-06-04,2020,2,6,June,23,Thursday,0,0,0,1
157,2020-06-05,2020,2,6,June,23,Friday,0,0,0,1
158,2020-06-06,2020,2,6,June,23,Saturday,0,0,0,0
159,2020-06-07,2020,2,6,June,23,Sunday,0,0,0,0
160,2020-06-08,2020,2,6,June,24,Monday,0,0,0,1
161,2020-06-09,2020,2,6,June,24,Tuesday,0,0,0,1
162,2020-06-10,2020,2,6,June,24,Wednesday,0,0,0,1
163,2020-06-11,2020,2,6,June,24,Thursday,0,0,0,1
164,2020-06-12,2020,2,6,June,24,Friday,0,0,0,1
165,2020-06-13,2020,2,6,June,24,Saturday,0,0,0,0
166,2020-06-14,2020,2,6,June,24,Sunday,0,0,0,0
167,2020-06-15,2020,2,6,June,25,Monday,0,0,0,1
168,2020-06-16,2020,2,6,June,25,Tuesday,0,0,0,1
169,2020-06-17,2020,2,6,June,25,Wednesday,0,0,0,1
170,2020-06-18,2020,2,6,June,25,Thursday,0,0,0,1
171,2020-06-19,2020,2,6,June,25,Friday,0,0,0,1
172,2020-06-20,2020,2,6,June,25,Saturday,0,0,0,0
173,2020-06-21,2020,2,6,June,25,Sunday,0,0,0,0
174,2020-06-22,2020,2,6,June,26,Monday,0,0,0,1
175,2020-06-23,2020,2,6,June,26,Tuesday,0,0,0,1
176,2020-06-24,2020,2,6,June,26,Wednesday,0,0,0,1
177,2020-06-25,2020,2,6,June,26,Thursday,0,0,0,1
178,2020-06-26,2020,2,6,June,26,Friday,0,0,0,1
179,2020-06-27,2020,2,6,June,26,Saturday,0,0,0,0
180,2020-06-28,2020,2,6,June,26,Sunday,0,0,0,0
181,2020-06-29,2020,2,6,June,27,Monday,0,0,0,1
182,2020-06-30,2020,2,6,June,27,Tuesday,1,1,0,1
183,2020-07-01,2020,3,7,July,27,Wednesday,0,0,0,1
184,2020-07-02,2020,3,7,July,27,Thursday,0,0,0,1
185,2020-07-03,2020,3,7,July,27,Friday,0,0,0,1
186,2020-07-04,2020,3,7,July,27,Saturday,0,0,0,0
187,2020-07-05,2020,3,7,July,27,Sunday,0,0,0,0
188,2020-07-06,2020,3,7,July,28,Monday,0,0,0,1
189,2020-07-07,2020,3,7,July,28,Tuesday,0,0,0,1
190,2020-07-08,2020,3,7,July,28,Wednesday,0,0,0,1
191,2020-07-09,2020,3,7,July,28,Thursday,0,0,0,1
192,2020-07-10,2020,3,7,July,28,Friday,0,0,0,1
193,2020-07-11,2020,3,7,July,28,Saturday,0,0,0,0
194,2020-07-12,2020,3,7,July,28,Sunday,0,0,0,0
195,2020-07-13,2020,3,7,July,29,Monday,0,0,0,1
196,2020-07-14,2020,3,7,July,29,Tuesday,0,0,0,1
197,2020-07-15,2020,3,7,July,29,Wednesday,0,0,0,1
198,2020-07-16,2020,3,7,July,29,Thursday,0,0,0,1
199,2020-07-17,2020,3,7,July,29,Friday,0,0,0,1
200,2020-07-18,2020,3,7,July,29,Saturday,0,0,0,0
201,2020-07-19,2020,3,7,July,29,Sunday,0,0,0,0
202,2020-07-20,2020,3,7,July,30,Monday,0,0,0,1
203,2020-07-21,2020,3,7,July,30,Tuesday,0,0,0,1
204,2020-07-22,2020,3,7,July,30,Wednesday,0,0,0,1
205,2020-07-23,2020,3,7,July,30,Thursday,0,0,0,1
206,2020-07-24,2020,3,7,July,30,Friday,0,0,0,1
207,2020-07-25,2020,3,7,July,30,Saturday,0,0,0,0
208,2020-07-26,2020,3,7,July,30,Sunday,0,0,0,0
209,2020-07-27,2020,3,7,July,31,Monday,0,0,0,1
210,2020-07-28,2020,3,7,July,31,Tuesday,0,0,0,1
211,2020-07-29,2020,3,7,July,31,Wednesday,0,0,0,1
212,2020-07-30,2020,3,7,July,31,Thursday,0,0,0,1
213,2020-07-31,2020,3,7,July,31,Friday,1,0,0,1
214,2020-08-01,2020,3,8,August,31,Saturday,0,0,0,0
215,2020-08-02,2020,3,8,August,31,Sunday,0,0,0,0
216,2020-08-03,2020,3,8,August,32,Monday,0,0,0,1
217,2020-08-04,2020,3,8,August,32,Tuesday,0,0,0,1
218,2020-08-05,2020,3,8,August,32,Wednesday,0,0,0,1
219,2020-08-06,2020,3,8,August,32,Thursday,0,0,0,1
220,2020-08-07,2020,3,8,August,32,Friday,0,0,0,1
221,2020-08-08,2020,3,8,August,32,Saturday,0,0,0,0
222,2020-08-09,2020,3,8,August,32,Sunday,0,0,0,0
223,2020-08-10,2020,3,8,August,33,Monday,0,0,0,1
224,2020-08-11,2020,3,8,August,33,Tuesday,0,0,0,1
225,2020-08-12,2020,3,8,August,33,Wednesday,0,0,0,1
226,2020-08-13,2020,3,8,August,33,Thursday,0,0,0,1
227,2020-08-14,2020,3,8,August,33,Friday,0,0,0,1
228,2020-08-15,2020,3,8,August,33,Saturday,0,0,0,0
229,2020-08-16,2020,3,8,August,33,Sunday,0,0,0,0
230,2020-08-17,2020,3,8,August,34,Monday,0,0,0,1
231,2020-08-18,2020,3,8,August,34,Tuesday,0,0,0,1
232,2020-08-19,2020,3,8,August,34,Wednesday,0,0,0,1
233,2020-08-20,2020,3,8,August,34,Thursday,0,0,0,1
234,2020-08-21,2020,3,8,August,34,Friday,0,0,0,1
235,2020-08-22,2020,3,8,August,34,Saturday,0,0,0,0
236,2020-08-23,2020,3,8,August,34,Sunday,0,0,0,0
237,2020-08-24,2020,3,8,August,35,Monday,0,0,0,1
238,2020-08-25,2020,3,8,August,35,Tuesday,0,0,0,1
239,2020-08-26,2020,3,8,August,35,Wednesday,0,0,0,1
240,2020-08-27,2020,3,8,August,35,Thursday,0,0,0,1
241,2020-08-28,2020,3,8,August,35,Friday,0,0,0,1
242,2020-08-29,2020,3,8,August,35,Saturday,0,0,0,0
243,2020-08-30,2020,3,8,August,35,Sunday,0,0,0,0
244,2020-08-31,2020,3,8,August,36,Monday,1,0,0,1
245,2020-09-01,2020,3,9,September,36,Tuesday,0,0,0,1
246,2020-09-02,2020,3,9,September,36,Wednesday,0,0,0,1
247,2020-09-03,2020,3,9,September,36,Thursday,0,0,0,1
248,2020-09-04,2020,3,9,September,36,Friday,0,0,0,1
249,2020-09-05,2020,3,9,September,36,Saturday,0,0,0,0
250,2020-09-06,2020,3,9,September,36,Sunday,0,0,0,0
251,2020-09-07,2020,3,9,September,37,Monday,0,0,0,1
252,2020-09-08,2020,3,9,September,37,Tuesday,0,0,0,1
253,2020-09-09,2020,3,9,September,37,Wednesday,0,0,0,1
254,2020-09-10,2020,3,9,September,37,Thursday,0,0,0,1
255,2020-09-11,2020,3,9,September,37,Friday,0,0,0,1
256,2020-09-12,2020,3,9,September,37,Saturday,0,0,0,0
257,2020-09-13,2020,3,9,September,37,Sunday,0,0,0,0
258,2020-09-14,2020,3,9,September,38,Monday,0,0,0,1
259,2020-09-15,2020,3,9,September,38,Tuesday,0,0,0,1
260,2020-09-16,2020,3,9,September,38,Wednesday,0,0,0,1
261,2020-09-17,2020,3,9,September,38,Thursday,0,0,0,1
262,2020-09-18,2020,3,9,September,38,Friday,0,0,0,1
263,2020-09-19,2020,3,9,September,38,Saturday,0,0,0,0
264,2020-09-20,2020,3,9,September,38,Sunday,0,0,0,0
265,2020-09-21,2020,3,9,September,39,Monday,0,0,0,1
266,2020-09-22,2020,3,9,September,39,Tuesday,0,0,0,1
267,2020-09-23,2020,3,9,September,39,Wednesday,0,0,0,1
268,2020-09-24,2020,3,9,September,39,Thursday,0,0,0,1
269,2020-09-25,2020,3,9,September,39,Friday,0,0,0,1
270,2020-09-26,2020,3,9,September,39,Saturday,0,0,0,0
271,2020-09-27,2020,3,9,September,39,Sunday,0,0,0,0
272,2020-09-28,2020,3,9,September,40,Monday,0,0,0,1
273,2020-09-29,2020,3,9,September,40,Tuesday,0,0,0,1
274,2020-09-30,2020,3,9,September,40,Wednesday,1,1,0,1
275,2020-10-01,2020,4,10,October,40,Thursday,0,0,0,1
276,2020-10-02,2020,4,10,October,40,Friday,0,0,0,1
277,2020-10-03,2020,4,10,October,40,Saturday,0,0,0,0
278,2020-10-04,2020,4,10,October,40,Sunday,0,0,0,0
279,2020-10-05,2020,4,10,October,41,Monday,0,0,0,1
280,2020-10-06,2020,4,10,October,41,Tuesday,0,0,0,1
281,2020-10-07,2020,4,10,October,41,Wednesday,0,0,0,1
282,2020-10-08,2020,4,10,October,41,Thursday,0,0,0,1
283,2020-10-09,2020,4,10,October,41,Friday,0,0,0,1
284,2020-10-10,2020,4,10,October,41,Saturday,0,0,0,0
285,2020-10-11,2020,4,10,October,41,Sunday,0,0,0,0
286,2020-10-12,2020,4,10,October,42,Monday,0,0,0,1
287,2020-10-13,2020,4,10,October,42,Tuesday,0,0,0,1
288,2020-10-14,2020,4,10,October,42,Wednesday,0,0,0,1
289,2020-10-15,2020,4,10,October,42,Thursday,0,0,0,1
290,2020-10-16,2020,4,10,October,42,Friday,0,0,0,1
291,2020-10-17,2020,4,10,October,42,Saturday,0,0,0,0
292,2020-10-18,2020,4,10,October,42,Sunday,0,0,0,0
293,2020-10-19,2020,4,10,October,43,Monday,0,0,0,1
294,2020-10-20,2020,4,10,October,43,Tuesday,0,0,0,1
295,2020-10-21,2020,4,10,October,43,Wednesday,0,0,0,1
296,2020-10-22,2020,4,10,October,43,Thursday,0,0,0,1
297,2020-10-23,2020,4,10,October,43,Friday,0,0,0,1
298,2020-10-24,2020,4,10,October,43,Saturday,0,0,0,0
299,2020-10-25,2020,4,10,October,43,Sunday,0,0,0,0
300,2020-10-26,2020,4,10,October,44,Monday,0,0,0,1
301,2020-10-27,2020,4,10,October,44,Tuesday,0,0,0,1
302,2020-10-28,2020,4,10,October,44,Wednesday,0,0,0,1
303,2020-10-29,2020,4,10,October,44,Thursday,0,0,0,1
304,2020-10-30,2020,4,10,October,44,Friday,0,0,0,1
305,2020-10-31,2020,4,10,October,44,Saturday,1,0,0,0
306,2020-11-01,2020,4,11,November,44,Sunday,0,0,0,0
307,2020-11-02,2020,4,11,November,45,Monday,0,0,0,1
308,2020-11-03,2020,4,11,November,45,Tuesday,0,0,0,1
309,2020-11-04,2020,4,11,November,45,Wednesday,0,0,0,1
310,2020-11-05,2020,4,11,November,45,Thursday,0,0,0,1
311,2020-11-06,2020,4,11,November,45,Friday,0,0,0,1
312,2020-11-07,2020,4,11,November,45,Saturday,0,0,0,0
313,2020-11-08,2020,4,11,November,45,Sunday,0,0,0,0
314,2020-11-09,2020,4,11,November,46,Monday,0,0,0,1
315,2020-11-10,2020,4,11,November,46,Tuesday,0,0,0,1
316,2020-11-11,2020,4,11,November,46,Wednesday,0,0,0,1
317,2020-11-12,2020,4,11,November,46,Thursday,0,0,0,1
318,2020-11-13,2020,4,11,November,46,Friday,0,0,0,1
319,2020-11-14,2020,4,11,November,46,Saturday,0,0,0,0
320,2020-11-15,2020,4,11,November,46,Sunday,0,0,0,0
321,2020-11-16,2020,4,11,November,47,Monday,0,0,0,1
322,2020-11-17,2020,4,11,November,47,Tuesday,0,0,0,1
323,2020-11-18,2020,4,11,November,47,Wednesday,0,0,0,1
324,2020-11-19,2020,4,11,November,47,Thursday,0,0,0,1
325,2020-11-20,2020,4,11,November,47,Friday,0,0,0,1
326,2020-11-21,2020,4,11,November,47,Saturday,0,0,0,0
327,2020-11-22,2020,4,11,November,47,Sunday,0,0,0,0
328,2020-11-23,2020,4,11,November,48,Monday,0,0,0,1
329,2020-11-24,2020,4,11,November,48,Tuesday,0,0,0,1
330,2020-11-25,2020,4,11,November,48,Wednesday,0,0,0,1
331,2020-11-26,2020,4,11,November,48,Thursday,0,0,0,1
332,2020-11-27,2020,4,11,November,48,Friday,0,0,0,1
333,2020-11-28,2020,4,11,November,48,Saturday,0,0,0,0
334,2020-11-29,2020,4,11,November,48,Sunday,0,0,0,0
335,2020-11-30,2020,4,11,November,49,Monday,1,0,0,1
336,2020-12-01,2020,4,12,December,49,Tuesday,0,0,0,1
337,2020-12-02,2020,4,12,December,49,Wednesday,0,0,0,1
338,2020-12-03,2020,4,12,December,49,Thursday,0,0,0,1
339,2020-12-04,2020,4,12,December,49,Friday,0,0,0,1
340,2020-12-05,2020,4,12,December,49,Saturday,0,0,0,0
341,2020-12-06,2020,4,12,December,49,Sunday,0,0,0,0
342,2020-12-07,2020,4,12,December,50,Monday,0,0,0,1
343,2020-12-08,2020,4,12,December,50,Tuesday,0,0,0,1
344,2020-12-09,2020,4,12,December,50,Wednesday,0,0,0,1
345,2020-12-10,2020,4,12,December,50,Thursday,0,0,0,1
346,2020-12-11,2020,4,12,December,50,Friday,0,0,0,1
347,2020-12-12,2020,4,12,December,50,Saturday,0,0,0,0
348,2020-12-13,2020,4,12,December,50,Sunday,0,0,0,0
349,2020-12-14,2020,4,12,December,51,Monday,0,0,0,1
350,2020-12-15,2020,4,12,December,51,Tuesday,0,0,0,1
351,2020-12-16,2020,4,12,December,51,Wednesday,0,0,0,1
352,2020-12-17,2020,4,12,December,51,Thursday,0,0,0,1
353,2020-12-18,2020,4,12,December,51,Friday,0,0,0,1
354,2020-12-19,2020,4,12,December,51,Saturday,0,0,0,0
355,2020-12-20,2020,4,12,December,51,Sunday,0,0,0,0
356,2020-12-21,2020,4,12,December,52,Monday,0,0,0,1
357,2020-12-22,2020,4,12,December,52,Tuesday,0,0,0,1
358,2020-12-23,2020,4,12,December,52,Wednesday,0,0,0,1
359,2020-12-24,2020,4,12,December,52,Thursday,0,0,0,1
360,2020-12-25,2020,4,12,December,52,Friday,0,0,0,1
361,2020-12-26,2020,4,12,December,52,Saturday,0,0,0,0
362,2020-12-27,2020,4,12,December,52,Sunday,0,0,0,0
363,2020-12-28,2020,4,12,December,53,Monday,0,0,0,1
364,2020-12-29,2020,4,12,December,53,Tuesday,0,0,0,1
365,2020-12-30,2020,4,12,December,53,Wednesday,0,0,0,1
366,2020-12-31,2020,4,12,December,53,Thursday,1,1,1,1
367,2021-01-01,2021,1,1,January,53,Friday,0,0,0,1
368,2021-01-02,2021,1,1,January,53,Saturday,0,0,0,0
369,2021-01-03,2021,1,1,January,53,Sunday,0,0,0,0
370,2021-01-04,2021,1,1,January,1,Monday,0,0,0,1
371,2021-01-05,2021,1,1,January,1,Tuesday,0,0,0,1
372,2021-01-06,2021,1,1,January,1,Wednesday,0,0,0,1
373,2021-01-07,2021,1,1,January,1,Thursday,0,0,0,1
374,2021-01-08,2021,1,1,January,1,Friday,0,0,0,1
375,2021-01-09,2021,1,1,January,1,Saturday,0,0,0,0
376,2021-01-10,2021,1,1,January,1,Sunday,0,0,0,0
377,2021-01-11,2021,1,1,January,2,Monday,0,0,0,1
378,2021-01-12,2021,1,1,January,2,Tuesday,0,0,0,1
379,2021-01-13,2021,1,1,January,2,Wednesday,0,0,0,1
380,2021-01-14,2021,1,1,January,2,Thursday,0,0,0,1
381,2021-01-15,2021,1,1,January,2,Friday,0,0,0,1
382,2021-01-16,2021,1,1,January,2,Saturday,0,0,0,0
383,2021-01-17,2021,1,1,January,2,Sunday,0,0,0,0
384,2021-01-18,2021,1,1,January,3,Monday,0,0,0,1
385,2021-01-19,2021,1,1,January,3,Tuesday,0,0,0,1
386,2021-01-20,2021,1,1,January,3,Wednesday,0,0,0,1
387,2021-01-21,2021,1,1,January,3,Thursday,0,0,0,1
388,2021-01-22,2021,1,1,January,3,Friday,0,0,0,1
389,2021-01-23,2021,1,1,January,3,Saturday,0,0,0,0
390,2021-01-24,2021,1,1,January,3,Sunday,0,0,0,0
391,2021-01-25,2021,1,1,January,4,Monday,0,0,0,1
392,2021-01-26,2021,1,1,January,4,Tuesday,0,0,0,1
393,2021-01-27,2021,1,1,January,4,Wednesday,0,0,0,1
394,2021-01-28,2021,1,1,January,4,Thursday,0,0,0,1
395,2021-01-29,2021,1,1,January,4,Friday,0,0,0,1
396,2021-01-30,2021,1,1,January,4,Saturday,0,0,0,0
397,2021-01-31,2021,1,1,January,4,Sunday,1,0,0,0
398,2021-02-01,2021,1,2,February,5,Monday,0,0,0,1
399,2021-02-02,2021,1,2,February,5,Tuesday,0,0,0,1
400,2021-02-03,2021,1,2,February,5,Wednesday,0,0,0,1
401,2021-02-04,2021,1,2,February,5,Thursday,0,0,0,1
402,2021-02-05,2021,1,2,February,5,Friday,0,0,0,1
403,2021-02-06,2021,1,2,February,5,Saturday,0,0,0,0
404,2021-02-07,2021,1,2,February,5,Sunday,0,0,0,0
405,2021-02-08,2021,1,2,February,6,Monday,0,0,0,1
406,2021-02-09,2021,1,2,February,6,Tuesday,0,0,0,1
407,2021-02-10,2021,1,2,February,6,Wednesday,0,0,0,1
408,2021-02-11,2021,1,2,February,6,Thursday,0,0,0,1
409,2021-02-12,2021,1,2,February,6,Friday,0,0,0,1
410,2021-02-13,2021,1,2,February,6,Saturday,0,0,0,0
411,2021-02-14,2021,1,2,February,6,Sunday,0,0,0,0
412,2021-02-15,2021,1,2,February,7,Monday,0,0,0,1
413,2021-02-16,2021,1,2,February,7,Tuesday,0,0,0,1
414,2021-02-17,2021,1,2,February,7,Wednesday,0,0,0,1
415,2021-02-18,2021,1,2,February,7,Thursday,0,0,0,1
416,2021-02-19,2021,1,2,February,7,Friday,0,0,0,1
417,2021-02-20,2021,1,2,February,7,Saturday,0,0,0,0
418,2021-02-21,2021,1,2,February,7,Sunday,0,0,0,0
419,2021-02-22,2021,1,2,February,8,Monday,0,0,0,1
420,2021-02-23,2021,1,2,February,8,Tuesday,0,0,0,1
421,2021-02-24,2021,1,2,February,8,Wednesday,0,0,0,1
422,2021-02-25,2021,1,2,February,8,Thursday,0,0,0,1
423,2021-02-26,2021,1,2,February,8,Friday,0,0,0,1
424,2021-02-27,2021,1,2,February,8,Saturday,0,0,0,0
425,2021-02-28,2021,1,2,February,8,Sunday,1,0,0,0
426,2021-03-01,2021,1,3,March,9,Monday,0,0,0,1
427,2021-03-02,2021,1,3,March,9,Tuesday,0,0,0,1
428,2021-03-03,2021,1,3,March,9,Wednesday,0,0,0,1
429,2021-03-04,2021,1,3,March,9,Thursday,0,0,0,1
430,2021-03-05,2021,1,3,March,9,Friday,0,0,0,1
431,2021-03-06,2021,1,3,March,9,Saturday,0,0,0,0
432,2021-03-07,2021,1,3,March,9,Sunday,0,0,0,0
433,2021-03-08,2021,1,3,March,10,Monday,0,0,0,1
434,2021-03-09,2021,1,3,March,10,Tuesday,0,0,0,1
435,2021-03-10,2021,1,3,March,10,Wednesday,0,0,0,1
436,2021-03-11,2021,1,3,March,10,Thursday,0,0,0,1
437,2021-03-12,2021,1,3,March,10,Friday,0,0,0,1
438,2021-03-13,2021,1,3,March,10,Saturday,0,0,0,0
439,2021-03-14,2021,1,3,March,10,Sunday,0,0,0,0
440,2021-03-15,2021,1,3,March,11,Monday,0,0,0,1
441,2021-03-16,2021,1,3,March,11,Tuesday,0,0,0,1
442,2021-03-17,2021,1,3,March,11,Wednesday,0,0,0,1
443,2021-03-18,2021,1,3,March,11,Thursday,0,0,0,1
444,2021-03-19,2021,1,3,March,11,Friday,0,0,0,1
445,2021-03-20,2021,1,3,March,11,Saturday,0,0,0,0
446,2021-03-21,2021,1,3,March,11,Sunday,0,0,0,0
447,2021-03-22,2021,1,3,March,12,Monday,0,0,0,1
448,2021-03-23,2021,1,3,March,12,Tuesday,0,0,0,1
449,2021-03-24,2021,1,3,March,12,Wednesday,0,0,0,1
450,2021-03-25,2021,1,3,March,12,Thursday,0,0,0,1
451,2021-03-26,2021,1,3,March,12,Friday,0,0,0,1
452,2021-03-27,2021,1,3,March,12,Saturday,0,0,0,0
453,2021-03-28,2021,1,3,March,12,Sunday,0,0,0,0
454,2021-03-29,2021,1,3,March,13,Monday,0,0,0,1
455,2021-03-30,2021,1,3,March,13,Tuesday,0,0,0,1
456,2021-03-31,2021,1,3,March,13,Wednesday,1,1,0,1
457,2021-04-01,2021,2,4,April,13,Thursday,0,0,0,1
458,2021-04-02,2021,2,4,April,13,Friday,0,0,0,1
459,2021-04-03,2021,2,4,April,13,Saturday,0,0,0,0
460,2021-04-04,2021,2,4,April,13,Sunday,0,0,0,0
461,2021-04-05,2021,2,4,April,14,Monday,0,0,0,1
462,2021-04-06,2021,2,4,April,14,Tuesday,0,0,0,1
463,2021-04-07,2021,2,4,April,14,Wednesday,0,0,0,1
464,2021-04-08,2021,2,4,April,14,Thursday,0,0,0,1
465,2021-04-09,2021,2,4,April,14,Friday,0,0,0,1
466,2021-04-10,2021,2,4,April,14,Saturday,0,0,0,0
467,2021-04-11,2021,2,4,April,14,Sunday,0,0,0,0
468,2021-04-12,2021,2,4,April,15,Monday,0,0,0,1
469,2021-04-13,2021,2,4,April,15,Tuesday,0,0,0,1
470,2021-04-14,2021,2,4,April,15,Wednesday,0,0,0,1
471,2021-04-15,2021,2,4,April,15,Thursday,0,0,0,1
472,2021-04-16,2021,2,4,April,15,Friday,0,0,0,1
473,2021-04-17,2021,2,4,April,15,Saturday,0,0,0,0
474,2021-04-18,2021,2,4,April,15,Sunday,0,0,0,0
475,2021-04-19,2021,2,4,April,16,Monday,0,0,0,1
476,2021-04-20,2021,2,4,April,16,Tuesday,0,0,0,1
477,2021-04-21,2021,2,4,April,16,Wednesday,0,0,0,1
478,2021-04-22,2021,2,4,April,16,Thursday,0,0,0,1
479,2021-04-23,2021,2,4,April,16,Friday,0,0,0,1
480,2021-04-24,2021,2,4,April,16,Saturday,0,0,0,0
481,2021-04-25,2021,2,4,April,16,Sunday,0,0,0,0
482,2021-04-26,2021,2,4,April,17,Monday,0,0,0,1
483,2021-04-27,2021,2,4,April,17,Tuesday,0,0,0,1
484,2021-04-28,2021,2,4,April,17,Wednesday,0,0,0,1
485,2021-04-29,2021,2,4,April,17,Thursday,0,0,0,1
486,2021-04-30,2021,2,4,April,17,Friday,1,0,0,1
487,2021-05-01,2021,2,5,May,17,Saturday,0,0,0,0
488,2021-05-02,2021,2,5,May,17,Sunday,0,0,0,0
489,2021-05-03,2021,2,5,May,18,Monday,0,0,0,1
490,2021-05-04,2021,2,5,May,18,Tuesday,0,0,0,1
491,2021-05-05,2021,2,5,May,18,Wednesday,0,0,0,1
492,2021-05-06,2021,2,5,May,18,Thursday,0,0,0,1
493,2021-05-07,2021,2,5,May,18,Friday,0,0,0,1
494,2021-05-08,2021,2,5,May,18,Saturday,0,0,0,0
495,2021-05-09,2021,2,5,May,18,Sunday,0,0,0,0
496,2021-05-10,2021,2,5,May,19,Monday,0,0,0,1
497,2021-05-11,2021,2,5,May,19,Tuesday,0,0,0,1
498,2021-05-12,2021,2,5,May,19,Wednesday,0,0,0,1
499,2021-05-13,2021,2,5,May,19,Thursday,0,0,0,1
500,2021-05-14,2021,2,5,May,19,Friday,0,0,0,1
501,2021-05-15,2021,2,5,May,19,Saturday,0,0,0,0
502,2021-05-16,2021,2,5,May,19,Sunday,0,0,0,0
503,2021-05-17,2021,2,5,May,20,Monday,0,0,0,1
504,2021-05-18,2021,2,5,May,20,Tuesday,0,0,0,1
505,2021-05-19,2021,2,5,May,20,Wednesday,0,0,0,1
506,2021-05-20,2021,2,5,May,20,Thursday,0,0,0,1
507,2021-05-21,2021,2,5,May,20,Friday,0,0,0,1
508,2021-05-22,2021,2,5,May,20,Saturday,0,0,0,0
509,2021-05-23,2021,2,5,May,20,Sunday,0,0,0,0
510,2021-05-24,2021,2,5,May,21,Monday,0,0,0,1
511,2021-05-25,2021,2,5,May,21,Tuesday,0,0,0,1
512,2021-05-26,2021,2,5,May,21,Wednesday,0,0,0,1
513,2021-05-27,2021,2,5,May,21,Thursday,0,0,0,1
514,2021-05-28,2021,2,5,May,21,Friday,0,0,0,1
515,2021-05-29,2021,2,5,May,21,Saturday,0,0,0,0
516,2021-05-30,2021,2,5,May,21,Sunday,0,0,0,0
517,2021-05-31,2021,2,5,May,22,Monday,1,0,0,1
518,2021-06-01,2021,2,6,June,22,Tuesday,0,0,0,1
519,2021-06-02,2021,2,6,June,22,Wednesday,0,0,0,1
520,2021-06-03,2021,2,6,June,22,Thursday,0,0,0,1
521,2021-06-04,2021,2,6,June,22,Friday,0,0,0,1
522,2021-06-05,2021,2,6,June,22,Saturday,0,0,0,0
523,2021-06-06,2021,2,6,June,22,Sunday,0,0,0,0
524,2021-06-07,2021,2,6,June,23,Monday,0,0,0,1
525,2021-06-08,2021,2,6,June,23,Tuesday,0,0,0,1
526,2021-06-09,2021,2,6,June,23,Wednesday,0,0,0,1
527,2021-06-10,2021,2,6,June,23,Thursday,0,0,0,1
528,2021-06-11,2021,2,6,June,23,Friday,0,0,0,1
529,2021-06-12,2021,2,6,June,23,Saturday,0,0,0,0
530,2021-06-13,2021,2,6,June,23,Sunday,0,0,0,0
531,2021-06-14,2021,2,6,June,24,Monday,0,0,0,1
532,2021-06-15,2021,2,6,June,24,Tuesday,0,0,0,1
533,2021-06-16,2021,2,6,June,24,Wednesday,0,0,0,1
534,2021-06-17,2021,2,6,June,24,Thursday,0,0,0,1
535,2021-06-18,2021,2,6,June,24,Friday,0,0,0,1
536,2021-06-19,2021,2,6,June,24,Saturday,0,0,0,0
537,2021-06-20,2021,2,6,June,24,Sunday,0,0,0,0
538,2021-06-21,2021,2,6,June,25,Monday,0,0,0,1
539,2021-06-22,2021,2,6,June,25,Tuesday,0,0,0,1
540,2021-06-23,2021,2,6,June,25,Wednesday,0,0,0,1
541,2021-06-24,2021,2,6,June,25,Thursday,0,0,0,1
542,2021-06-25,2021,2,6,June,25,Friday,0,0,0,1
543,2021-06-26,2021,2,6,June,25,Saturday,0,0,0,0
544,2021-06-27,2021,2,6,June,25,Sunday,0,0,0,0
545,2021-06-28,2021,2,6,June,26,Monday,0,0,0,1
546,2021-06-29,2021,2,6,June,26,Tuesday,0,0,0,1
547,2021-06-30,2021,2,6,June,26,Wednesday,1,1,0,1
548,2021-07-01,2021,3,7,July,26,Thursday,0,0,0,1
549,2021-07-02,2021,3,7,July,26,Friday,0,0,0,1
550,2021-07-03,2021,3,7,July,26,Saturday,0,0,0,0
551,2021-07-04,2021,3,7,July,26,Sunday,0,0,0,0
552,2021-07-05,2021,3,7,July,27,Monday,0,0,0,1
553,2021-07-06,2021,3,7,July,27,Tuesday,0,0,0,1
554,2021-07-07,2021,3,7,July,27,Wednesday,0,0,0,1
555,2021-07-08,2021,3,7,July,27,Thursday,0,0,0,1
556,2021-07-09,2021,3,7,July,27,Friday,0,0,0,1
557,2021-07-10,2021,3,7,July,27,Saturday,0,0,0,0
558,2021-07-11,2021,3,7,July,27,Sunday,0,0,0,0
559,2021-07-12,2021,3,7,July,28,Monday,0,0,0,1
560,2021-07-13,2021,3,7,July,28,Tuesday,0,0,0,1
561,2021-07-14,2021,3,7,July,28,Wednesday,0,0,0,1
562,2021-07-15,2021,3,7,July,28,Thursday,0,0,0,1
563,2021-07-16,2021,3,7,July,28,Friday,0,0,0,1
564,2021-07-17,2021,3,7,July,28,Saturday,0,0,0,0
565,2021-07-18,2021,3,7,July,28,Sunday,0,0,0,0
566,2021-07-19,2021,3,7,July,29,Monday,0,0,0,1
567,2021-07-20,2021,3,7,July,29,Tuesday,0,0,0,1
568,2021-07-21,2021,3,7,July,29,Wednesday,0,0,0,1
569,2021-07-22,2021,3,7,July,29,Thursday,0,0,0,1
570,2021-07-23,2021,3,7,July,29,Friday,0,0,0,1
571,2021-07-24,2021,3,7,July,29,Saturday,0,0,0,0
572,2021-07-25,2021,3,7,July,29,Sunday,0,0,0,0
573,2021-07-26,2021,3,7,July,30,Monday,0,0,0,1
574,2021-07-27,2021,3,7,July,30,Tuesday,0,0,0,1
575,2021-07-28,2021,3,7,July,30,Wednesday,0,0,0,1
576,2021-07-29,2021,3,7,July,30,Thursday,0,0,0,1
577,2021-07-30,2021,3,7,July,30,Friday,0,0,0,1
578,2021-07-31,2021,3,7,July,30,Saturday,1,0,0,0
579,2021-08-01,2021,3,8,August,30,Sunday,0,0,0,0
580,2021-08-02,2021,3,8,August,31,Monday,0,0,0,1
581,2021-08-03,2021,3,8,August,31,Tuesday,0,0,0,1
582,2021-08-04,2021,3,8,August,31,Wednesday,0,0,0,1
583,2021-08-05,2021,3,8,August,31,Thursday,0,0,0,1
584,2021-08-06,2021,3,8,August,31,Friday,0,0,0,1
585,2021-08-07,2021,3,8,August,31,Saturday,0,0,0,0
586,2021-08-08,2021,3,8,August,31,Sunday,0,0,0,0
587,2021-08-09,2021,3,8,August,32,Monday,0,0,0,1
588,2021-08-10,2021,3,8,August,32,Tuesday,0,0,0,1
589,2021-08-11,2021,3,8,August,32,Wednesday,0,0,0,1
590,2021-08-12,2021,3,8,August,32,Thursday,0,0,0,1
591,2021-08-13,2021,3,8,August,32,Friday,0,0,0,1
592,2021-08-14,2021,3,8,August,32,Saturday,0,0,0,0
593,2021-08-15,2021,3,8,August,32,Sunday,0,0,0,0
594,2021-08-16,2021,3,8,August,33,Monday,0,0,0,1
595,2021-08-17,2021,3,8,August,33,Tuesday,0,0,0,1
596,2021-08-18,2021,3,8,August,33,Wednesday,0,0,0,1
597,2021-08-19,2021,3,8,August,33,Thursday,0,0,0,1
598,2021-08-20,2021,3,8,August,33,Friday,0,0,0,1
599,2021-08-21,2021,3,8,August,33,Saturday,0,0,0,0
600,2021-08-22,2021,3,8,August,33,Sunday,0,0,0,0
601,2021-08-23,2021,3,8,August,34,Monday,0,0,0,1
602,2021-08-24,2021,3,8,August,34,Tuesday,0,0,0,1
603,2021-08-25,2021,3,8,August,34,Wednesday,0,0,0,1
604,2021-08-26,2021,3,8,August,34,Thursday,0,0,0,1
605,2021-08-27,2021,3,8,August,34,Friday,0,0,0,1
606,2021-08-28,2021,3,8,August,34,Saturday,0,0,0,0
607,2021-08-29,2021,3,8,August,34,Sunday,0,0,0,0
608,2021-08-30,2021,3,8,August,35,Monday,0,0,0,1
609,2021-08-31,2021,3,8,August,35,Tuesday,1,0,0,1
610,2021-09-01,2021,3,9,September,35,Wednesday,0,0,0,1
611,2021-09-02,2021,3,9,September,35,Thursday,0,0,0,1
612,2021-09-03,2021,3,9,September,35,Friday,0,0,0,1
613,2021-09-04,2021,3,9,September,35,Saturday,0,0,0,0
614,2021-09-05,2021,3,9,September,35,Sunday,0,0,0,0
615,2021-09-06,2021,3,9,September,36,Monday,0,0,0,1
616,2021-09-07,2021,3,9,September,36,Tuesday,0,0,0,1
617,2021-09-08,2021,3,9,September,36,Wednesday,0,0,0,1
618,2021-09-09,2021,3,9,September,36,Thursday,0,0,0,1
619,2021-09-10,2021,3,9,September,36,Friday,0,0,0,1
620,2021-09-11,2021,3,9,September,36,Saturday,0,0,0,0
621,2021-09-12,2021,3,9,September,36,Sunday,0,0,0,0
622,2021-09-13,2021,3,9,September,37,Monday,0,0,0,1
623,2021-09-14,2021,3,9,September,37,Tuesday,0,0,0,1
624,2021-09-15,2021,3,9,September,37,Wednesday,0,0,0,1
625,2021-09-16,2021,3,9,September,37,Thursday,0,0,0,1
626,2021-09-17,2021,3,9,September,37,Friday,0,0,0,1
627,2021-09-18,2021,3,9,September,37,Saturday,0,0,0,0
628,2021-09-19,2021,3,9,September,37,Sunday,0,0,0,0
629,2021-09-20,2021,3,9,September,38,Monday,0,0,0,1
630,2021-09-21,2021,3,9,September,38,Tuesday,0,0,0,1
631,2021-09-22,2021,3,9,September,38,Wednesday,0,0,0,1
632,2021-09-23,2021,3,9,September,38,Thursday,0,0,0,1
633,2021-09-24,2021,3,9,September,38,Friday,0,0,0,1
634,2021-09-25,2021,3,9,September,38,Saturday,0,0,0,0
635,2021-09-26,2021,3,9,September,38,Sunday,0,0,0,0
636,2021-09-27,2021,3,9,September,39,Monday,0,0,0,1
637,2021-09-28,2021,3,9,September,39,Tuesday,0,0,0,1
638,2021-09-29,2021,3,9,September,39,Wednesday,0,0,0,1
639,2021-09-30,2021,3,9,September,39,Thursday,1,1,0,1
640,2021-10-01,2021,4,10,October,39,Friday,0,0,0,1
641,2021-10-02,2021,4,10,October,39,Saturday,0,0,0,0
642,2021-10-03,2021,4,10,October,39,Sunday,0,0,0,0
643,2021-10-04,2021,4,10,October,40,Monday,0,0,0,1
644,2021-10-05,2021,4,10,October,40,Tuesday,0,0,0,1
645,2021-10-06,2021,4,10,October,40,Wednesday,0,0,0,1
646,2021-10-07,2021,4,10,October,40,Thursday,0,0,0,1
647,2021-10-08,2021,4,10,October,40,Friday,0,0,0,1
648,2021-10-09,2021,4,10,October,40,Saturday,0,0,0,0
649,2021-10-10,2021,4,10,October,40,Sunday,0,0,0,0
650,2021-10-11,2021,4,10,October,41,Monday,0,0,0,1
651,2021-10-12,2021,4,10,October,41,Tuesday,0,0,0,1
652,2021-10-13,2021,4,10,October,41,Wednesday,0,0,0,1
653,2021-10-14,2021,4,10,October,41,Thursday,0,0,0,1
654,2021-10-15,2021,4,10,October,41,Friday,0,0,0,1
655,2021-10-16,2021,4,10,October,41,Saturday,0,0,0,0
656,2021-10-17,2021,4,10,October,41,Sunday,0,0,0,0
657,2021-10-18,2021,4,10,October,42,Monday,0,0,0,1
658,2021-10-19,2021,4,10,October,42,Tuesday,0,0,0,1
659,2021-10-20,2021,4,10,October,42,Wednesday,0,0,0,1
660,2021-10-21,2021,4,10,October,42,Thursday,0,0,0,1
661,2021-10-22,2021,4,10,October,42,Friday,0,0,0,1
662,2021-10-23,2021,4,10,October,42,Saturday,0,0,0,0
663,2021-10-24,2021,4,10,October,42,Sunday,0,0,0,0
664,2021-10-25,2021,4,10,October,43,Monday,0,0,0,1
665,2021-10-26,2021,4,10,October,43,Tuesday,0,0,0,1
666,2021-10-27,2021,4,10,October,43,Wednesday,0,0,0,1
667,2021-10-28,2021,4,10,October,43,Thursday,0,0,0,1
668,2021-10-29,2021,4,10,October,43,Friday,0,0,0,1
669,2021-10-30,2021,4,10,October,43,Saturday,0,0,0,0
670,2021-10-31,2021,4,10,October,43,Sunday,1,0,0,0
671,2021-11-01,2021,4,11,November,44,Monday,0,0,0,1
672,2021-11-02,2021,4,11,November,44,Tuesday,0,0,0,1
673,2021-11-03,2021,4,11,November,44,Wednesday,0,0,0,1
674,2021-11-04,2021,4,11,November,44,Thursday,0,0,0,1
675,2021-11-05,2021,4,11,November,44,Friday,0,0,0,1
676,2021-11-06,2021,4,11,November,44,Saturday,0,0,0,0
677,2021-11-07,2021,4,11,November,44,Sunday,0,0,0,0
678,2021-11-08,2021,4,11,November,45,Monday,0,0,0,1
679,2021-11-09,2021,4,11,November,45,Tuesday,0,0,0,1
680,2021-11-10,2021,4,11,November,45,Wednesday,0,0,0,1
681,2021-11-11,2021,4,11,November,45,Thursday,0,0,0,1
682,2021-11-12,2021,4,11,November,45,Friday,0,0,0,1
683,2021-11-13,2021,4,11,November,45,Saturday,0,0,0,0
684,2021-11-14,2021,4,11,November,45,Sunday,0,0,0,0
685,2021-11-15,2021,4,11,November,46,Monday,0,0,0,1
686,2021-11-16,2021,4,11,November,46,Tuesday,0,0,0,1
687,2021-11-17,2021,4,11,November,46,Wednesday,0,0,0,1
688,2021-11-18,2021,4,11,November,46,Thursday,0,0,0,1
689,2021-11-19,2021,4,11,November,46,Friday,0,0,0,1
690,2021-11-20,2021,4,11,November,46,Saturday,0,0,0,0
691,2021-11-21,2021,4,11,November,46,Sunday,0,0,0,0
692,2021-11-22,2021,4,11,November,47,Monday,0,0,0,1
693,2021-11-23,2021,4,11,November,47,Tuesday,0,0,0,1
694,2021-11-24,2021,4,11,November,47,Wednesday,0,0,0,1
695,2021-11-25,2021,4,11,November,47,Thursday,0,0,0,1
696,2021-11-26,2021,4,11,November,47,Friday,0,0,0,1
697,2021-11-27,2021,4,11,November,47,Saturday,0,0,0,0
698,2021-11-28,2021,4,11,November,47,Sunday,0,0,0,0
699,2021-11-29,2021,4,11,November,48,Monday,0,0,0,1
700,2021-11-30,2021,4,11,November,48,Tuesday,1,0,0,1
701,2021-12-01,2021,4,12,December,48,Wednesday,0,0,0,1
702,2021-12-02,2021,4,12,December,48,Thursday,0,0,0,1
703,2021-12-03,2021,4,12,December,48,Friday,0,0,0,1
704,2021-12-04,2021,4,12,December,48,Saturday,0,0,0,0
705,2021-12-05,2021,4,12,December,48,Sunday,0,0,0,0
706,2021-12-06,2021,4,12,December,49,Monday,0,0,0,1
707,2021-12-07,2021,4,12,December,49,Tuesday,0,0,0,1
708,2021-12-08,2021,4,12,December,49,Wednesday,0,0,0,1
709,2021-12-09,2021,4,12,December,49,Thursday,0,0,0,1
710,2021-12-10,2021,4,12,December,49,Friday,0,0,0,1
711,2021-12-11,2021,4,12,December,49,Saturday,0,0,0,0
712,2021-12-12,2021,4,12,December,49,Sunday,0,0,0,0
713,2021-12-13,2021,4,12,December,50,Monday,0,0,0,1
714,2021-12-14,2021,4,12,December,50,Tuesday,0,0,0,1
715,2021-12-15,2021,4,12,December,50,Wednesday,0,0,0,1
716,2021-12-16,2021,4,12,December,50,Thursday,0,0,0,1
717,2021-12-17,2021,4,12,December,50,Friday,0,0,0,1
718,2021-12-18,2021,4,12,December,50,Saturday,0,0,0,0
719,2021-12-19,2021,4,12,December,50,Sunday,0,0,0,0
720,2021-12-20,2021,4,12,December,51,Monday,0,0,0,1
721,2021-12-21,2021,4,12,December,51,Tuesday,0,0,0,1
722,2021-12-22,2021,4,12,December,51,Wednesday,0,0,0,1
723,2021-12-23,2021,4,12,December,51,Thursday,0,0,0,1
724,2021-12-24,2021,4,12,December,51,Friday,0,0,0,1
725,2021-12-25,2021,4,12,December,51,Saturday,0,0,0,0
726,2021-12-26,2021,4,12,December,51,Sunday,0,0,0,0
727,2021-12-27,2021,4,12,December,52,Monday,0,0,0,1
728,2021-12-28,2021,4,12,December,52,Tuesday,0,0,0,1
729,2021-12-29,2021,4,12,December,52,Wednesday,0,0,0,1
730,2021-12-30,2021,4,12,December,52,Thursday,0,0,0,1
731,2021-12-31,2021,4,12,December,52,Friday,1,1,1,1
732,2022-01-01,2022,1,1,January,52,Saturday,0,0,0,0
733,2022-01-02,2022,1,1,January,52,Sunday,0,0,0,0
734,2022-01-03,2022,1,1,January,1,Monday,0,0,0,1
735,2022-01-04,2022,1,1,January,1,Tuesday,0,0,0,1
736,2022-01-05,2022,1,1,January,1,Wednesday,0,0,0,1
737,2022-01-06,2022,1,1,January,1,Thursday,0,0,0,1
738,2022-01-07,2022,1,1,January,1,Friday,0,0,0,1
739,2022-01-08,2022,1,1,January,1,Saturday,0,0,0,0
740,2022-01-09,2022,1,1,January,1,Sunday,0,0,0,0
741,2022-01-10,2022,1,1,January,2,Monday,0,0,0,1
742,2022-01-11,2022,1,1,January,2,Tuesday,0,0,0,1
743,2022-01-12,2022,1,1,January,2,Wednesday,0,0,0,1
744,2022-01-13,2022,1,1,January,2,Thursday,0,0,0,1
745,2022-01-14,2022,1,1,January,2,Friday,0,0,0,1
746,2022-01-15,2022,1,1,January,2,Saturday,0,0,0,0
747,2022-01-16,2022,1,1,January,2,Sunday,0,0,0,0
748,2022-01-17,2022,1,1,January,3,Monday,0,0,0,1
749,2022-01-18,2022,1,1,January,3,Tuesday,0,0,0,1
750,2022-01-19,2022,1,1,January,3,Wednesday,0,0,0,1
751,2022-01-20,2022,1,1,January,3,Thursday,0,0,0,1
752,2022-01-21,2022,1,1,January,3,Friday,0,0,0,1
753,2022-01-22,2022,1,1,January,3,Saturday,0,0,0,0
754,2022-01-23,2022,1,1,January,3,Sunday,0,0,0,0
755,2022-01-24,2022,1,1,January,4,Monday,0,0,0,1
756,2022-01-25,2022,1,1,January,4,Tuesday,0,0,0,1
757,2022-01-26,2022,1,1,January,4,Wednesday,0,0,0,1
758,2022-01-27,2022,1,1,January,4,Thursday,0,0,0,1
759,2022-01-28,2022,1,1,January,4,Friday,0,0,0,1
760,2022-01-29,2022,1,1,January,4,Saturday,0,0,0,0
761,2022-01-30,2022,1,1,January,4,Sunday,0,0,0,0
762,2022-01-31,2022,1,1,January,5,Monday,1,0,0,1
763,2022-02-01,2022,1,2,February,5,Tuesday,0,0,0,1
764,2022-02-02,2022,1,2,February,5,Wednesday,0,0,0,1
765,2022-02-03,2022,1,2,February,5,Thursday,0,0,0,1
766,2022-02-04,2022,1,2,February,5,Friday,0,0,0,1
767,2022-02-05,2022,1,2,February,5,Saturday,0,0,0,0
768,2022-02-06,2022,1,2,February,5,Sunday,0,0,0,0
769,2022-02-07,2022,1,2,February,6,Monday,0,0,0,1
770,2022-02-08,2022,1,2,February,6,Tuesday,0,0,0,1
771,2022-02-09,2022,1,2,February,6,Wednesday,0,0,0,1
772,2022-02-10,2022,1,2,February,6,Thursday,0,0,0,1
773,2022-02-11,2022,1,2,February,6,Friday,0,0,0,1
774,2022-02-12,2022,1,2,February,6,Saturday,0,0,0,0
775,2022-02-13,2022,1,2,February,6,Sunday,0,0,0,0
776,2022-02-14,2022,1,2,February,7,Monday,0,0,0,1
777,2022-02-15,2022,1,2,February,7,Tuesday,0,0,0,1
778,2022-02-16,2022,1,2,February,7,Wednesday,0,0,0,1
779,2022-02-17,2022,1,2,February,7,Thursday,0,0,0,1
780,2022-02-18,2022,1,2,February,7,Friday,0,0,0,1
781,2022-02-19,2022,1,2,February,7,Saturday,0,0,0,0
782,2022-02-20,2022,1,2,February,7,Sunday,0,0,0,0
783,2022-02-21,2022,1,2,February,8,Monday,0,0,0,1
784,2022-02-22,2022,1,2,February,8,Tuesday,0,0,0,1
785,2022-02-23,2022,1,2,February,8,Wednesday,0,0,0,1
786,2022-02-24,2022,1,2,February,8,Thursday,0,0,0,1
787,2022-02-25,2022,1,2,February,8,Friday,0,0,0,1
788,2022-02-26,2022,1,2,February,8,Saturday,0,0,0,0
789,2022-02-27,2022,1,2,February,8,Sunday,0,0,0,0
790,2022-02-28,2022,1,2,February,9,Monday,1,0,0,1
791,2022-03-01,2022,1,3,March,9,Tuesday,0,0,0,1
792,2022-03-02,2022,1,3,March,9,Wednesday,0,0,0,1
793,2022-03-03,2022,1,3,March,9,Thursday,0,0,0,1
794,2022-03-04,2022,1,3,March,9,Friday,0,0,0,1
795,2022-03-05,2022,1,3,March,9,Saturday,0,0,0,0
796,2022-03-06,2022,1,3,March,9,Sunday,0,0,0,0
797,2022-03-07,2022,1,3,March,10,Monday,0,0,0,1
798,2022-03-08,2022,1,3,March,10,Tuesday,0,0,0,1
799,2022-03-09,2022,1,3,March,10,Wednesday,0,0,0,1
800,2022-03-10,2022,1,3,March,10,Thursday,0,0,0,1
801,2022-03-11,2022,1,3,March,10,Friday,0,0,0,1
802,2022-03-12,2022,1,3,March,10,Saturday,0,0,0,0
803,2022-03-13,2022,1,3,March,10,Sunday,0,0,0,0
804,2022-03-14,2022,1,3,March,11,Monday,0,0,0,1
805,2022-03-15,2022,1,3,March,11,Tuesday,0,0,0,1
806,2022-03-16,2022,1,3,March,11,Wednesday,0,0,0,1
807,2022-03-17,2022,1,3,March,11,Thursday,0,0,0,1
808,2022-03-18,2022,1,3,March,11,Friday,0,0,0,1
809,2022-03-19,2022,1,3,March,11,Saturday,0,0,0,0
810,2022-03-20,2022,1,3,March,11,Sunday,0,0,0,0
811,2022-03-21,2022,1,3,March,12,Monday,0,0,0,1
812,2022-03-22,2022,1,3,March,12,Tuesday,0,0,0,1
813,2022-03-23,2022,1,3,March,12,Wednesday,0,0,0,1
814,2022-03-24,2022,1,3,March,12,Thursday,0,0,0,1
815,2022-03-25,2022,1,3,March,12,Friday,0,0,0,1
816,2022-03-26,2022,1,3,March,12,Saturday,0,0,0,0
817,2022-03-27,2022,1,3,March,12,Sunday,0,0,0,0
818,2022-03-28,2022,1,3,March,13,Monday,0,0,0,1
819,2022-03-29,2022,1,3,March,13,Tuesday,0,0,0,1
820,2022-03-30,2022,1,3,March,13,Wednesday,0,0,0,1
821,2022-03-31,2022,1,3,March,13,Thursday,1,1,0,1
822,2022-04-01,2022,2,4,April,13,Friday,0,0,0,1
823,2022-04-02,2022,2,4,April,13,Saturday,0,0,0,0
824,2022-04-03,2022,2,4,April,13,Sunday,0,0,0,0
825,2022-04-04,2022,2,4,April,14,Monday,0,0,0,1
826,2022-04-05,2022,2,4,April,14,Tuesday,0,0,0,1
827,2022-04-06,2022,2,4,April,14,Wednesday,0,0,0,1
828,2022-04-07,2022,2,4,April,14,Thursday,0,0,0,1
829,2022-04-08,2022,2,4,April,14,Friday,0,0,0,1
830,2022-04-09,2022,2,4,April,14,Saturday,0,0,0,0
831,2022-04-10,2022,2,4,April,14,Sunday,0,0,0,0
832,2022-04-11,2022,2,4,April,15,Monday,0,0,0,1
833,2022-04-12,2022,2,4,April,15,Tuesday,0,0,0,1
834,2022-04-13,2022,2,4,April,15,Wednesday,0,0,0,1
835,2022-04-14,2022,2,4,April,15,Thursday,0,0,0,1
836,2022-04-15,2022,2,4,April,15,Friday,0,0,0,1
837,2022-04-16,2022,2,4,April,15,Saturday,0,0,0,0
838,2022-04-17,2022,2,4,April,15,Sunday,0,0,0,0
839,2022-04-18,2022,2,4,April,16,Monday,0,0,0,1
840,2022-04-19,2022,2,4,April,16,Tuesday,0,0,0,1
841,2022-04-20,2022,2,4,April,16,Wednesday,0,0,0,1
842,2022-04-21,2022,2,4,April,16,Thursday,0,0,0,1
843,2022-04-22,2022,2,4,April,16,Friday,0,0,0,1
844,2022-04-23,2022,2,4,April,16,Saturday,0,0,0,0
845,2022-04-24,2022,2,4,April,16,Sunday,0,0,0,0
846,2022-04-25,2022,2,4,April,17,Monday,0,0,0,1
847,2022-04-26,2022,2,4,April,17,Tuesday,0,0,0,1
848,2022-04-27,2022,2,4,April,17,Wednesday,0,0,0,1
849,2022-04-28,2022,2,4,April,17,Thursday,0,0,0,1
850,2022-04-29,2022,2,4,April,17,Friday,0,0,0,1
851,2022-04-30,2022,2,4,April,17,Saturday,1,0,0,0
852,2022-05-01,2022,2,5,May,17,Sunday,0,0,0,0
853,2022-05-02,2022,2,5,May,18,Monday,0,0,0,1
854,2022-05-03,2022,2,5,May,18,Tuesday,0,0,0,1
855,2022-05-04,2022,2,5,May,18,Wednesday,0,0,0,1
856,2022-05-05,2022,2,5,May,18,Thursday,0,0,0,1
857,2022-05-06,2022,2,5,May,18,Friday,0,0,0,1
858,2022-05-07,2022,2,5,May,18,Saturday,0,0,0,0
859,2022-05-08,2022,2,5,May,18,Sunday,0,0,0,0
860,2022-05-09,2022,2,5,May,19,Monday,0,0,0,1
861,2022-05-10,2022,2,5,May,19,Tuesday,0,0,0,1
862,2022-05-11,2022,2,5,May,19,Wednesday,0,0,0,1
863,2022-05-12,2022,2,5,May,19,Thursday,0,0,0,1
864,2022-05-13,2022,2,5,May,19,Friday,0,0,0,1
865,2022-05-14,2022,2,5,May,19,Saturday,0,0,0,0
866,2022-05-15,2022,2,5,May,19,Sunday,0,0,0,0
867,2022-05-16,2022,2,5,May,20,Monday,0,0,0,1
868,2022-05-17,2022,2,5,May,20,Tuesday,0,0,0,1
869,2022-05-18,2022,2,5,May,20,Wednesday,0,0,0,1
870,2022-05-19,2022,2,5,May,20,Thursday,0,0,0,1
871,2022-05-20,2022,2,5,May,20,Friday,0,0,0,1
872,2022-05-21,2022,2,5,May,20,Saturday,0,0,0,0
873,2022-05-22,2022,2,5,May,20,Sunday,0,0,0,0
874,2022-05-23,2022,2,5,May,21,Monday,0,0,0,1
875,2022-05-24,2022,2,5,May,21,Tuesday,0,0,0,1
876,2022-05-25,2022,2,5,May,21,Wednesday,0,0,0,1
877,2022-05-26,2022,2,5,May,21,Thursday,0,0,0,1
878,2022-05-27,2022,2,5,May,21,Friday,0,0,0,1
879,2022-05-28,2022,2,5,May,21,Saturday,0,0,0,0
880,2022-05-29,2022,2,5,May,21,Sunday,0,0,0,0
881,2022-05-30,2022,2,5,May,22,Monday,0,0,0,1
882,2022-05-31,2022,2,5,May,22,Tuesday,1,0,0,1
883,2022-06-01,2022,2,6,June,22,Wednesday,0,0,0,1
884,2022-06-02,2022,2,6,June,22,Thursday,0,0,0,1
885,2022-06-03,2022,2,6,June,22,Friday,0,0,0,1
886,2022-06-04,2022,2,6,June,22,Saturday,0,0,0,0
887,2022-06-05,2022,2,6,June,22,Sunday,0,0,0,0
888,2022-06-06,2022,2,6,June,23,Monday,0,0,0,1
889,2022-06-07,2022,2,6,June,23,Tuesday,0,0,0,1
890,2022-06-08,2022,2,6,June,23,Wednesday,0,0,0,1
891,2022-06-09,2022,2,6,June,23,Thursday,0,0,0,1
892,2022-06-10,2022,2,6,June,23,Friday,0,0,0,1
893,2022-06-11,2022,2,6,June,23,Saturday,0,0,0,0
894,2022-06-12,2022,2,6,June,23,Sunday,0,0,0,0
895,2022-06-13,2022,2,6,June,24,Monday,0,0,0,1
896,2022-06-14,2022,2,6,June,24,Tuesday,0,0,0,1
897,2022-06-15,2022,2,6,June,24,Wednesday,0,0,0,1
898,2022-06-16,2022,2,6,June,24,Thursday,0,0,0,1
899,2022-06-17,2022,2,6,June,24,Friday,0,0,0,1
900,2022-06-18,2022,2,6,June,24,Saturday,0,0,0,0
901,2022-06-19,2022,2,6,June,24,Sunday,0,0,0,0
902,2022-06-20,2022,2,6,June,25,Monday,0,0,0,1
903,2022-06-21,2022,2,6,June,25,Tuesday,0,0,0,1
904,2022-06-22,2022,2,6,June,25,Wednesday,0,0,0,1
905,2022-06-23,2022,2,6,June,25,Thursday,0,0,0,1
906,2022-06-24,2022,2,6,June,25,Friday,0,0,0,1
907,2022-06-25,2022,2,6,June,25,Saturday,0,0,0,0
908,2022-06-26,2022,2,6,June,25,Sunday,0,0,0,0
909,2022-06-27,2022,2,6,June,26,Monday,0,0,0,1
910,2022-06-28,2022,2,6,June,26,Tuesday,0,0,0,1
911,2022-06-29,2022,2,6,June,26,Wednesday,0,0,0,1
912,2022-06-30,2022,2,6,June,26,Thursday,1,1,0,1
913,2022-07-01,2022,3,7,July,26,Friday,0,0,0,1
914,2022-07-02,2022,3,7,July,26,Saturday,0,0,0,0
915,2022-07-03,2022,3,7,July,26,Sunday,0,0,0,0
916,2022-07-04,2022,3,7,July,27,Monday,0,0,0,1
917,2022-07-05,2022,3,7,July,27,Tuesday,0,0,0,1
918,2022-07-06,2022,3,7,July,27,Wednesday,0,0,0,1
919,2022-07-07,2022,3,7,July,27,Thursday,0,0,0,1
920,2022-07-08,2022,3,7,July,27,Friday,0,0,0,1
921,2022-07-09,2022,3,7,July,27,Saturday,0,0,0,0
922,2022-07-10,2022,3,7,July,27,Sunday,0,0,0,0
923,2022-07-11,2022,3,7,July,28,Monday,0,0,0,1
924,2022-07-12,2022,3,7,July,28,Tuesday,0,0,0,1
925,2022-07-13,2022,3,7,July,28,Wednesday,0,0,0,1
926,2022-07-14,2022,3,7,July,28,Thursday,0,0,0,1
927,2022-07-15,2022,3,7,July,28,Friday,0,0,0,1
928,2022-07-16,2022,3,7,July,28,Saturday,0,0,0,0
929,2022-07-17,2022,3,7,July,28,Sunday,0,0,0,0
930,2022-07-18,2022,3,7,July,29,Monday,0,0,0,1
931,2022-07-19,2022,3,7,July,29,Tuesday,0,0,0,1
932,2022-07-20,2022,3,7,July,29,Wednesday,0,0,0,1
933,2022-07-21,2022,3,7,July,29,Thursday,0,0,0,1
934,2022-07-22,2022,3,7,July,29,Friday,0,0,0,1
935,2022-07-23,2022,3,7,July,29,Saturday,0,0,0,0
936,2022-07-24,2022,3,7,July,29,Sunday,0,0,0,0
937,2022-07-25,2022,3,7,July,30,Monday,0,0,0,1
938,2022-07-26,2022,3,7,July,30,Tuesday,0,0,0,1
939,2022-07-27,2022,3,7,July,30,Wednesday,0,0,0,1
940,2022-07-28,2022,3,7,July,30,Thursday,0,0,0,1
941,2022-07-29,2022,3,7,July,30,Friday,0,0,0,1
942,2022-07-30,2022,3,7,July,30,Saturday,0,0,0,0
943,2022-07-31,2022,3,7,July,30,Sunday,1,0,0,0
944,2022-08-01,2022,3,8,August,31,Monday,0,0,0,1
945,2022-08-02,2022,3,8,August,31,Tuesday,0,0,0,1
946,2022-08-03,2022,3,8,August,31,Wednesday,0,0,0,1
947,2022-08-04,2022,3,8,August,31,Thursday,0,0,0,1
948,2022-08-05,2022,3,8,August,31,Friday,0,0,0,1
949,2022-08-06,2022,3,8,August,31,Saturday,0,0,0,0
950,2022-08-07,2022,3,8,August,31,Sunday,0,0,0,0
951,2022-08-08,2022,3,8,August,32,Monday,0,0,0,1
952,2022-08-09,2022,3,8,August,32,Tuesday,0,0,0,1
953,2022-08-10,2022,3,8,August,32,Wednesday,0,0,0,1
954,2022-08-11,2022,3,8,August,32,Thursday,0,0,0,1
955,2022-08-12,2022,3,8,August,32,Friday,0,0,0,1
956,2022-08-13,2022,3,8,August,32,Saturday,0,0,0,0
957,2022-08-14,2022,3,8,August,32,Sunday,0,0,0,0
958,2022-08-15,2022,3,8,August,33,Monday,0,0,0,1
959,2022-08-16,2022,3,8,August,33,Tuesday,0,0,0,1
960,2022-08-17,2022,3,8,August,33,Wednesday,0,0,0,1
961,2022-08-18,2022,3,8,August,33,Thursday,0,0,0,1
962,2022-08-19,2022,3,8,August,33,Friday,0,0,0,1
963,2022-08-20,2022,3,8,August,33,Saturday,0,0,0,0
964,2022-08-21,2022,3,8,August,33,Sunday,0,0,0,0
965,2022-08-22,2022,3,8,August,34,Monday,0,0,0,1
966,2022-08-23,2022,3,8,August,34,Tuesday,0,0,0,1
967,2022-08-24,2022,3,8,August,34,Wednesday,0,0,0,1
968,2022-08-25,2022,3,8,August,34,Thursday,0,0,0,1
969,2022-08-26,2022,3,8,August,34,Friday,0,0,0,1
970,2022-08-27,2022,3,8,August,34,Saturday,0,0,0,0
971,2022-08-28,2022,3,8,August,34,Sunday,0,0,0,0
972,2022-08-29,2022,3,8,August,35,Monday,0,0,0,1
973,2022-08-30,2022,3,8,August,35,Tuesday,0,0,0,1
974,2022-08-31,2022,3,8,August,35,Wednesday,1,0,0,1
975,2022-09-01,2022,3,9,September,35,Thursday,0,0,0,1
976,2022-09-02,2022,3,9,September,35,Friday,0,0,0,1
977,2022-09-03,2022,3,9,September,35,Saturday,0,0,0,0
978,2022-09-04,2022,3,9,September,35,Sunday,0,0,0,0
979,2022-09-05,2022,3,9,September,36,Monday,0,0,0,1
980,2022-09-06,2022,3,9,September,36,Tuesday,0,0,0,1
981,2022-09-07,2022,3,9,September,36,Wednesday,0,0,0,1
982,2022-09-08,2022,3,9,September,36,Thursday,0,0,0,1
983,2022-09-09,2022,3,9,September,36,Friday,0,0,0,1
984,2022-09-10,2022,3,9,September,36,Saturday,0,0,0,0
985,2022-09-11,2022,3,9,September,36,Sunday,0,0,0,0
986,2022-09-12,2022,3,9,September,37,Monday,0,0,0,1
987,2022-09-13,2022,3,9,September,37,Tuesday,0,0,0,1
988,2022-09-14,2022,3,9,September,37,Wednesday,0,0,0,1
989,2022-09-15,2022,3,9,September,37,Thursday,0,0,0,1
990,2022-09-16,2022,3,9,September,37,Friday,0,0,0,1
991,2022-09-17,2022,3,9,September,37,Saturday,0,0,0,0
992,2022-09-18,2022,3,9,September,37,Sunday,0,0,0,0
993,2022-09-19,2022,3,9,September,38,Monday,0,0,0,1
994,2022-09-20,2022,3,9,September,38,Tuesday,0,0,0,1
995,2022-09-21,2022,3,9,September,38,Wednesday,0,0,0,1
996,2022-09-22,2022,3,9,September,38,Thursday,0,0,0,1
997,2022-09-23,2022,3,9,September,38,Friday,0,0,0,1
998,2022-09-24,2022,3,9,September,38,Saturday,0,0,0,0
999,2022-09-25,2022,3,9,September,38,Sunday,0,0,0,0
1000,2022-09-26,2022,3,9,September,39,Monday,0,0,0,1
1001,2022-09-27,2022,3,9,September,39,Tuesday,0,0,0,1
1002,2022-09-28,2022,3,9,September,39,Wednesday,0,0,0,1
1003,2022-09-29,2022,3,9,September,39,Thursday,0,0,0,1
1004,2022-09-30,2022,3,9,September,39,Friday,1,1,0,1
1005,2022-10-01,2022,4,10,October,39,Saturday,0,0,0,0
1006,2022-10-02,2022,4,10,October,39,Sunday,0,0,0,0
1007,2022-10-03,2022,4,10,October,40,Monday,0,0,0,1
1008,2022-10-04,2022,4,10,October,40,Tuesday,0,0,0,1
1009,2022-10-05,2022,4,10,October,40,Wednesday,0,0,0,1
1010,2022-10-06,2022,4,10,October,40,Thursday,0,0,0,1
1011,2022-10-07,2022,4,10,October,40,Friday,0,0,0,1
1012,2022-10-08,2022,4,10,October,40,Saturday,0,0,0,0
1013,2022-10-09,2022,4,10,October,40,Sunday,0,0,0,0
1014,2022-10-10,2022,4,10,October,41,Monday,0,0,0,1
1015,2022-10-11,2022,4,10,October,41,Tuesday,0,0,0,1
1016,2022-10-12,2022,4,10,October,41,Wednesday,0,0,0,1
1017,2022-10-13,2022,4,10,October,41,Thursday,0,0,0,1
1018,2022-10-14,2022,4,10,October,41,Friday,0,0,0,1
1019,2022-10-15,2022,4,10,October,41,Saturday,0,0,0,0
1020,2022-10-16,2022,4,10,October,41,Sunday,0,0,0,0
1021,2022-10-17,2022,4,10,October,42,Monday,0,0,0,1
1022,2022-10-18,2022,4,10,October,42,Tuesday,0,0,0,1
1023,2022-10-19,2022,4,10,October,42,Wednesday,0,0,0,1
1024,2022-10-20,2022,4,10,October,42,Thursday,0,0,0,1
1025,2022-10-21,2022,4,10,October,42,Friday,0,0,0,1
1026,2022-10-22,2022,4,10,October,42,Saturday,0,0,0,0
1027,2022-10-23,2022,4,10,October,42,Sunday,0,0,0,0
1028,2022-10-24,2022,4,10,October,43,Monday,0,0,0,1
1029,2022-10-25,2022,4,10,October,43,Tuesday,0,0,0,1
1030,2022-10-26,2022,4,10,October,43,Wednesday,0,0,0,1
1031,2022-10-27,2022,4,10,October,43,Thursday,0,0,0,1
1032,2022-10-28,2022,4,10,October,43,Friday,0,0,0,1
1033,2022-10-29,2022,4,10,October,43,Saturday,0,0,0,0
1034,2022-10-30,2022,4,10,October,43,Sunday,0,0,0,0
1035,2022-10-31,2022,4,10,October,44,Monday,1,0,0,1
1036,2022-11-01,2022,4,11,November,44,Tuesday,0,0,0,1
1037,2022-11-02,2022,4,11,November,44,Wednesday,0,0,0,1
1038,2022-11-03,2022,4,11,November,44,Thursday,0,0,0,1
1039,2022-11-04,2022,4,11,November,44,Friday,0,0,0,1
1040,2022-11-05,2022,4,11,November,44,Saturday,0,0,0,0
1041,2022-11-06,2022,4,11,November,44,Sunday,0,0,0,0
1042,2022-11-07,2022,4,11,November,45,Monday,0,0,0,1
1043,2022-11-08,2022,4,11,November,45,Tuesday,0,0,0,1
1044,2022-11-09,2022,4,11,November,45,Wednesday,0,0,0,1
1045,2022-11-10,2022,4,11,November,45,Thursday,0,0,0,1
1046,2022-11-11,2022,4,11,November,45,Friday,0,0,0,1
1047,2022-11-12,2022,4,11,November,45,Saturday,0,0,0,0
1048,2022-11-13,2022,4,11,November,45,Sunday,0,0,0,0
1049,2022-11-14,2022,4,11,November,46,Monday,0,0,0,1
1050,2022-11-15,2022,4,11,November,46,Tuesday,0,0,0,1
1051,2022-11-16,2022,4,11,November,46,Wednesday,0,0,0,1
1052,2022-11-17,2022,4,11,November,46,Thursday,0,0,0,1
1053,2022-11-18,2022,4,11,November,46,Friday,0,0,0,1
1054,2022-11-19,2022,4,11,November,46,Saturday,0,0,0,0
1055,2022-11-20,2022,4,11,November,46,Sunday,0,0,0,0
1056,2022-11-21,2022,4,11,November,47,Monday,0,0,0,1
1057,2022-11-22,2022,4,11,November,47,Tuesday,0,0,0,1
1058,2022-11-23,2022,4,11,November,47,Wednesday,0,0,0,1
1059,2022-11-24,2022,4,11,November,47,Thursday,0,0,0,1
1060,2022-11-25,2022,4,11,November,47,Friday,0,0,0,1
1061,2022-11-26,2022,4,11,November,47,Saturday,0,0,0,0
1062,2022-11-27,2022,4,11,November,47,Sunday,0,0,0,0
1063,2022-11-28,2022,4,11,November,48,Monday,0,0,0,1
1064,2022-11-29,2022,4,11,November,48,Tuesday,0,0,0,1
1065,2022-11-30,2022,4,11,November,48,Wednesday,1,0,0,1
1066,2022-12-01,2022,4,12,December,48,Thursday,0,0,0,1
1067,2022-12-02,2022,4,12,December,48,Friday,0,0,0,1
1068,2022-12-03,2022,4,12,December,48,Saturday,0,0,0,0
1069,2022-12-04,2022,4,12,December,48,Sunday,0,0,0,0
1070,2022-12-05,2022,4,12,December,49,Monday,0,0,0,1
1071,2022-12-06,2022,4,12,December,49,Tuesday,0,0,0,1
1072,2022-12-07,2022,4,12,December,49,Wednesday,0,0,0,1
1073,2022-12-08,2022,4,12,December,49,Thursday,0,0,0,1
1074,2022-12-09,2022,4,12,December,49,Friday,0,0,0,1
1075,2022-12-10,2022,4,12,December,49,Saturday,0,0,0,0
1076,2022-12-11,2022,4,12,December,49,Sunday,0,0,0,0
1077,2022-12-12,2022,4,12,December,50,Monday,0,0,0,1
1078,2022-12-13,2022,4,12,December,50,Tuesday,0,0,0,1
1079,2022-12-14,2022,4,12,December,50,Wednesday,0,0,0,1
1080,2022-12-15,2022,4,12,December,50,Thursday,0,0,0,1
1081,2022-12-16,2022,4,12,December,50,Friday,0,0,0,1
1082,2022-12-17,2022,4,12,December,50,Saturday,0,0,0,0
1083,2022-12-18,2022,4,12,December,50,Sunday,0,0,0,0
1084,2022-12-19,2022,4,12,December,51,Monday,0,0,0,1
1085,2022-12-20,2022,4,12,December,51,Tuesday,0,0,0,1
1086,2022-12-21,2022,4,12,December,51,Wednesday,0,0,0,1
1087,2022-12-22,2022,4,12,December,51,Thursday,0,0,0,1
1088,2022-12-23,2022,4,12,December,51,Friday,0,0,0,1
1089,2022-12-24,2022,4,12,December,51,Saturday,0,0,0,0
1090,2022-12-25,2022,4,12,December,51,Sunday,0,0,0,0
1091,2022-12-26,2022,4,12,December,52,Monday,0,0,0,1
1092,2022-12-27,2022,4,12,December,52,Tuesday,0,0,0,1
1093,2022-12-28,2022,4,12,December,52,Wednesday,0,0,0,1
1094,2022-12-29,2022,4,12,December,52,Thursday,0,0,0,1
1095,2022-12-30,2022,4,12,December,52,Friday,0,0,0,1
1096,2022-12-31,2022,4,12,December,52,Saturday,1,1,1,0
1097,2023-01-01,2023,1,1,January,52,Sunday,0,0,0,0
1098,2023-01-02,2023,1,1,January,1,Monday,0,0,0,1
1099,2023-01-03,2023,1,1,January,1,Tuesday,0,0,0,1
1100,2023-01-04,2023,1,1,January,1,Wednesday,0,0,0,1
1101,2023-01-05,2023,1,1,January,1,Thursday,0,0,0,1
1102,2023-01-06,2023,1,1,January,1,Friday,0,0,0,1
1103,2023-01-07,2023,1,1,January,1,Saturday,0,0,0,0
1104,2023-01-08,2023,1,1,January,1,Sunday,0,0,0,0
1105,2023-01-09,2023,1,1,January,2,Monday,0,0,0,1
1106,2023-01-10,2023,1,1,January,2,Tuesday,0,0,0,1
1107,2023-01-11,2023,1,1,January,2,Wednesday,0,0,0,1
1108,2023-01-12,2023,1,1,January,2,Thursday,0,0,0,1
1109,2023-01-13,2023,1,1,January,2,Friday,0,0,0,1
1110,2023-01-14,2023,1,1,January,2,Saturday,0,0,0,0
1111,2023-01-15,2023,1,1,January,2,Sunday,0,0,0,0
1112,2023-01-16,2023,1,1,January,3,Monday,0,0,0,1
1113,2023-01-17,2023,1,1,January,3,Tuesday,0,0,0,1
1114,2023-01-18,2023,1,1,January,3,Wednesday,0,0,0,1
1115,2023-01-19,2023,1,1,January,3,Thursday,0,0,0,1
1116,2023-01-20,2023,1,1,January,3,Friday,0,0,0,1
1117,2023-01-21,2023,1,1,January,3,Saturday,0,0,0,0
1118,2023-01-22,2023,1,1,January,3,Sunday,0,0,0,0
1119,2023-01-23,2023,1,1,January,4,Monday,0,0,0,1
1120,2023-01-24,2023,1,1,January,4,Tuesday,0,0,0,1
1121,2023-01-25,2023,1,1,January,4,Wednesday,0,0,0,1
1122,2023-01-26,2023,1,1,January,4,Thursday,0,0,0,1
1123,2023-01-27,2023,1,1,January,4,Friday,0,0,0,1
1124,2023-01-28,2023,1,1,January,4,Saturday,0,0,0,0
1125,2023-01-29,2023,1,1,January,4,Sunday,0,0,0,0
1126,2023-01-30,2023,1,1,January,5,Monday,0,0,0,1
1127,2023-01-31,2023,1,1,January,5,Tuesday,1,0,0,1
1128,2023-02-01,2023,1,2,February,5,Wednesday,0,0,0,1
1129,2023-02-02,2023,1,2,February,5,Thursday,0,0,0,1
1130,2023-02-03,2023,1,2,February,5,Friday,0,0,0,1
1131,2023-02-04,2023,1,2,February,5,Saturday,0,0,0,0
1132,2023-02-05,2023,1,2,February,5,Sunday,0,0,0,0
1133,2023-02-06,2023,1,2,February,6,Monday,0,0,0,1
1134,2023-02-07,2023,1,2,February,6,Tuesday,0,0,0,1
1135,2023-02-08,2023,1,2,February,6,Wednesday,0,0,0,1
1136,2023-02-09,2023,1,2,February,6,Thursday,0,0,0,1
1137,2023-02-10,2023,1,2,February,6,Friday,0,0,0,1
1138,2023-02-11,2023,1,2,February,6,Saturday,0,0,0,0
1139,2023-02-12,2023,1,2,February,6,Sunday,0,0,0,0
1140,2023-02-13,2023,1,2,February,7,Monday,0,0,0,1
1141,2023-02-14,2023,1,2,February,7,Tuesday,0,0,0,1
1142,2023-02-15,2023,1,2,February,7,Wednesday,0,0,0,1
1143,2023-02-16,2023,1,2,February,7,Thursday,0,0,0,1
1144,2023-02-17,2023,1,2,February,7,Friday,0,0,0,1
1145,2023-02-18,2023,1,2,February,7,Saturday,0,0,0,0
1146,2023-02-19,2023,1,2,February,7,Sunday,0,0,0,0
1147,2023-02-20,2023,1,2,February,8,Monday,0,0,0,1
1148,2023-02-21,2023,1,2,February,8,Tuesday,0,0,0,1
1149,2023-02-22,2023,1,2,February,8,Wednesday,0,0,0,1
1150,2023-02-23,2023,1,2,February,8,Thursday,0,0,0,1
1151,2023-02-24,2023,1,2,February,8,Friday,0,0,0,1
1152,2023-02-25,2023,1,2,February,8,Saturday,0,0,0,0
1153,2023-02-26,2023,1,2,February,8,Sunday,0,0,0,0
1154,2023-02-27,2023,1,2,February,9,Monday,0,0,0,1
1155,2023-02-28,2023,1,2,February,9,Tuesday,1,0,0,1
1156,2023-03-01,2023,1,3,March,9,Wednesday,0,0,0,1
1157,2023-03-02,2023,1,3,March,9,Thursday,0,0,0,1
1158,2023-03-03,2023,1,3,March,9,Friday,0,0,0,1
1159,2023-03-04,2023,1,3,March,9,Saturday,0,0,0,0
1160,2023-03-05,2023,1,3,March,9,Sunday,0,0,0,0
1161,2023-03-06,2023,1,3,March,10,Monday,0,0,0,1
1162,2023-03-07,2023,1,3,March,10,Tuesday,0,0,0,1
1163,2023-03-08,2023,1,3,March,10,Wednesday,0,0,0,1
1164,2023-03-09,2023,1,3,March,10,Thursday,0,0,0,1
1165,2023-03-10,2023,1,3,March,10,Friday,0,0,0,1
1166,2023-03-11,2023,1,3,March,10,Saturday,0,0,0,0
1167,2023-03-12,2023,1,3,March,10,Sunday,0,0,0,0
1168,2023-03-13,2023,1,3,March,11,Monday,0,0,0,1
1169,2023-03-14,2023,1,3,March,11,Tuesday,0,0,0,1
1170,2023-03-15,2023,1,3,March,11,Wednesday,0,0,0,1
1171,2023-03-16,2023,1,3,March,11,Thursday,0,0,0,1
1172,2023-03-17,2023,1,3,March,11,Friday,0,0,0,1
1173,2023-03-18,2023,1,3,March,11,Saturday,0,0,0,0
1174,2023-03-19,2023,1,3,March,11,Sunday,0,0,0,0
1175,2023-03-20,2023,1,3,March,12,Monday,0,0,0,1
1176,2023-03-21,2023,1,3,March,12,Tuesday,0,0,0,1
1177,2023-03-22,2023,1,3,March,12,Wednesday,0,0,0,1
1178,2023-03-23,2023,1,3,March,12,Thursday,0,0,0,1
1179,2023-03-24,2023,1,3,March,12,Friday,0,0,0,1
1180,2023-03-25,2023,1,3,March,12,Saturday,0,0,0,0
1181,2023-03-26,2023,1,3,March,12,Sunday,0,0,0,0
1182,2023-03-27,2023,1,3,March,13,Monday,0,0,0,1
1183,2023-03-28,2023,1,3,March,13,Tuesday,0,0,0,1
1184,2023-03-29,2023,1,3,March,13,Wednesday,0,0,0,1
1185,2023-03-30,2023,1,3,March,13,Thursday,0,0,0,1
1186,2023-03-31,2023,1,3,March,13,Friday,1,1,0,1
1187,2023-04-01,2023,2,4,April,13,Saturday,0,0,0,0
1188,2023-04-02,2023,2,4,April,13,Sunday,0,0,0,0
1189,2023-04-03,2023,2,4,April,14,Monday,0,0,0,1
1190,2023-04-04,2023,2,4,April,14,Tuesday,0,0,0,1
1191,2023-04-05,2023,2,4,April,14,Wednesday,0,0,0,1
1192,2023-04-06,2023,2,4,April,14,Thursday,0,0,0,1
1193,2023-04-07,2023,2,4,April,14,Friday,0,0,0,1
1194,2023-04-08,2023,2,4,April,14,Saturday,0,0,0,0
1195,2023-04-09,2023,2,4,April,14,Sunday,0,0,0,0
1196,2023-04-10,2023,2,4,April,15,Monday,0,0,0,1
1197,2023-04-11,2023,2,4,April,15,Tuesday,0,0,0,1
1198,2023-04-12,2023,2,4,April,15,Wednesday,0,0,0,1
1199,2023-04-13,2023,2,4,April,15,Thursday,0,0,0,1
1200,2023-04-14,2023,2,4,April,15,Friday,0,0,0,1
1201,2023-04-15,2023,2,4,April,15,Saturday,0,0,0,0
1202,2023-04-16,2023,2,4,April,15,Sunday,0,0,0,0
1203,2023-04-17,2023,2,4,April,16,Monday,0,0,0,1
1204,2023-04-18,2023,2,4,April,16,Tuesday,0,0,0,1
1205,2023-04-19,2023,2,4,April,16,Wednesday,0,0,0,1
1206,2023-04-20,2023,2,4,April,16,Thursday,0,0,0,1
1207,2023-04-21,2023,2,4,April,16,Friday,0,0,0,1
1208,2023-04-22,2023,2,4,April,16,Saturday,0,0,0,0
1209,2023-04-23,2023,2,4,April,16,Sunday,0,0,0,0
1210,2023-04-24,2023,2,4,April,17,Monday,0,0,0,1
1211,2023-04-25,2023,2,4,April,17,Tuesday,0,0,0,1
1212,2023-04-26,2023,2,4,April,17,Wednesday,0,0,0,1
1213,2023-04-27,2023,2,4,April,17,Thursday,0,0,0,1
1214,2023-04-28,2023,2,4,April,17,Friday,0,0,0,1
1215,2023-04-29,2023,2,4,April,17,Saturday,0,0,0,0
1216,2023-04-30,2023,2,4,April,17,Sunday,1,0,0,0
1217,2023-05-01,2023,2,5,May,18,Monday,0,0,0,1
1218,2023-05-02,2023,2,5,May,18,Tuesday,0,0,0,1
1219,2023-05-03,2023,2,5,May,18,Wednesday,0,0,0,1
1220,2023-05-04,2023,2,5,May,18,Thursday,0,0,0,1
1221,2023-05-05,2023,2,5,May,18,Friday,0,0,0,1
1222,2023-05-06,2023,2,5,May,18,Saturday,0,0,0,0
1223,2023-05-07,2023,2,5,May,18,Sunday,0,0,0,0
1224,2023-05-08,2023,2,5,May,19,Monday,0,0,0,1
1225,2023-05-09,2023,2,5,May,19,Tuesday,0,0,0,1
1226,2023-05-10,2023,2,5,May,19,Wednesday,0,0,0,1
1227,2023-05-11,2023,2,5,May,19,Thursday,0,0,0,1
1228,2023-05-12,2023,2,5,May,19,Friday,0,0,0,1
1229,2023-05-13,2023,2,5,May,19,Saturday,0,0,0,0
1230,2023-05-14,2023,2,5,May,19,Sunday,0,0,0,0
1231,2023-05-15,2023,2,5,May,20,Monday,0,0,0,1
1232,2023-05-16,2023,2,5,May,20,Tuesday,0,0,0,1
1233,2023-05-17,2023,2,5,May,20,Wednesday,0,0,0,1
1234,2023-05-18,2023,2,5,May,20,Thursday,0,0,0,1
1235,2023-05-19,2023,2,5,May,20,Friday,0,0,0,1
1236,2023-05-20,2023,2,5,May,20,Saturday,0,0,0,0
1237,2023-05-21,2023,2,5,May,20,Sunday,0,0,0,0
1238,2023-05-22,2023,2,5,May,21,Monday,0,0,0,1
1239,2023-05-23,2023,2,5,May,21,Tuesday,0,0,0,1
1240,2023-05-24,2023,2,5,May,21,Wednesday,0,0,0,1
1241,2023-05-25,2023,2,5,May,21,Thursday,0,0,0,1
1242,2023-05-26,2023,2,5,May,21,Friday,0,0,0,1
1243,2023-05-27,2023,2,5,May,21,Saturday,0,0,0,0
1244,2023-05-28,2023,2,5,May,21,Sunday,0,0,0,0
1245,2023-05-29,2023,2,5,May,22,Monday,0,0,0,1
1246,2023-05-30,2023,2,5,May,22,Tuesday,0,0,0,1
1247,2023-05-31,2023,2,5,May,22,Wednesday,1,0,0,1
1248,2023-06-01,2023,2,6,June,22,Thursday,0,0,0,1
1249,2023-06-02,2023,2,6,June,22,Friday,0,0,0,1
1250,2023-06-03,2023,2,6,June,22,Saturday,0,0,0,0
1251,2023-06-04,2023,2,6,June,22,Sunday,0,0,0,0
1252,2023-06-05,2023,2,6,June,23,Monday,0,0,0,1
1253,2023-06-06,2023,2,6,June,23,Tuesday,0,0,0,1
1254,2023-06-07,2023,2,6,June,23,Wednesday,0,0,0,1
1255,2023-06-08,2023,2,6,June,23,Thursday,0,0,0,1
1256,2023-06-09,2023,2,6,June,23,Friday,0,0,0,1
1257,2023-06-10,2023,2,6,June,23,Saturday,0,0,0,0
1258,2023-06-11,2023,2,6,June,23,Sunday,0,0,0,0
1259,2023-06-12,2023,2,6,June,24,Monday,0,0,0,1
1260,2023-06-13,2023,2,6,June,24,Tuesday,0,0,0,1
1261,2023-06-14,2023,2,6,June,24,Wednesday,0,0,0,1
1262,2023-06-15,2023,2,6,June,24,Thursday,0,0,0,1
1263,2023-06-16,2023,2,6,June,24,Friday,0,0,0,1
1264,2023-06-17,2023,2,6,June,24,Saturday,0,0,0,0
1265,2023-06-18,2023,2,6,June,24,Sunday,0,0,0,0
1266,2023-06-19,2023,2,6,June,25,Monday,0,0,0,1
1267,2023-06-20,2023,2,6,June,25,Tuesday,0,0,0,1
1268,2023-06-21,2023,2,6,June,25,Wednesday,0,0,0,1
1269,2023-06-22,2023,2,6,June,25,Thursday,0,0,0,1
1270,2023-06-23,2023,2,6,June,25,Friday,0,0,0,1
1271,2023-06-24,2023,2,6,June,25,Saturday,0,0,0,0
1272,2023-06-25,2023,2,6,June,25,Sunday,0,0,0,0
1273,2023-06-26,2023,2,6,June,26,Monday,0,0,0,1
1274,2023-06-27,2023,2,6,June,26,Tuesday,0,0,0,1
1275,2023-06-28,2023,2,6,June,26,Wednesday,0,0,0,1
1276,2023-06-29,2023,2,6,June,26,Thursday,0,0,0,1
1277,2023-06-30,2023,2,6,June,26,Friday,1,1,0,1
1278,2023-07-01,2023,3,7,July,26,Saturday,0,0,0,0
1279,2023-07-02,2023,3,7,July,26,Sunday,0,0,0,0
1280,2023-07-03,2023,3,7,July,27,Monday,0,0,0,1
1281,2023-07-04,2023,3,7,July,27,Tuesday,0,0,0,1
1282,2023-07-05,2023,3,7,July,27,Wednesday,0,0,0,1
1283,2023-07-06,2023,3,7,July,27,Thursday,0,0,0,1
1284,2023-07-07,2023,3,7,July,27,Friday,0,0,0,1
1285,2023-07-08,2023,3,7,July,27,Saturday,0,0,0,0
1286,2023-07-09,2023,3,7,July,27,Sunday,0,0,0,0
1287,2023-07-10,2023,3,7,July,28,Monday,0,0,0,1
1288,2023-07-11,2023,3,7,July,28,Tuesday,0,0,0,1
1289,2023-07-12,2023,3,7,July,28,Wednesday,0,0,0,1
1290,2023-07-13,2023,3,7,July,28,Thursday,0,0,0,1
1291,2023-07-14,2023,3,7,July,28,Friday,0,0,0,1
1292,2023-07-15,2023,3,7,July,28,Saturday,0,0,0,0
1293,2023-07-16,2023,3,7,July,28,Sunday,0,0,0,0
1294,2023-07-17,2023,3,7,July,29,Monday,0,0,0,1
1295,2023-07-18,2023,3,7,July,29,Tuesday,0,0,0,1
1296,2023-07-19,2023,3,7,July,29,Wednesday,0,0,0,1
1297,2023-07-20,2023,3,7,July,29,Thursday,0,0,0,1
1298,2023-07-21,2023,3,7,July,29,Friday,0,0,0,1
1299,2023-07-22,2023,3,7,July,29,Saturday,0,0,0,0
1300,2023-07-23,2023,3,7,July,29,Sunday,0,0,0,0
1301,2023-07-24,2023,3,7,July,30,Monday,0,0,0,1
1302,2023-07-25,2023,3,7,July,30,Tuesday,0,0,0,1
1303,2023-07-26,2023,3,7,July,30,Wednesday,0,0,0,1
1304,2023-07-27,2023,3,7,July,30,Thursday,0,0,0,1
1305,2023-07-28,2023,3,7,July,30,Friday,0,0,0,1
1306,2023-07-29,2023,3,7,July,30,Saturday,0,0,0,0
1307,2023-07-30,2023,3,7,July,30,Sunday,0,0,0,0
1308,2023-07-31,2023,3,7,July,31,Monday,1,0,0,1
1309,2023-08-01,2023,3,8,August,31,Tuesday,0,0,0,1
1310,2023-08-02,2023,3,8,August,31,Wednesday,0,0,0,1
1311,2023-08-03,2023,3,8,August,31,Thursday,0,0,0,1
1312,2023-08-04,2023,3,8,August,31,Friday,0,0,0,1
1313,2023-08-05,2023,3,8,August,31,Saturday,0,0,0,0
1314,2023-08-06,2023,3,8,August,31,Sunday,0,0,0,0
1315,2023-08-07,2023,3,8,August,32,Monday,0,0,0,1
1316,2023-08-08,2023,3,8,August,32,Tuesday,0,0,0,1
1317,2023-08-09,2023,3,8,August,32,Wednesday,0,0,0,1
1318,2023-08-10,2023,3,8,August,32,Thursday,0,0,0,1
1319,2023-08-11,2023,3,8,August,32,Friday,0,0,0,1
1320,2023-08-12,2023,3,8,August,32,Saturday,0,0,0,0
1321,2023-08-13,2023,3,8,August,32,Sunday,0,0,0,0
1322,2023-08-14,2023,3,8,August,33,Monday,0,0,0,1
1323,2023-08-15,2023,3,8,August,33,Tuesday,0,0,0,1
1324,2023-08-16,2023,3,8,August,33,Wednesday,0,0,0,1
1325,2023-08-17,2023,3,8,August,33,Thursday,0,0,0,1
1326,2023-08-18,2023,3,8,August,33,Friday,0,0,0,1
1327,2023-08-19,2023,3,8,August,33,Saturday,0,0,0,0
1328,2023-08-20,2023,3,8,August,33,Sunday,0,0,0,0
1329,2023-08-21,2023,3,8,August,34,Monday,0,0,0,1
1330,2023-08-22,2023,3,8,August,34,Tuesday,0,0,0,1
1331,2023-08-23,2023,3,8,August,34,Wednesday,0,0,0,1
1332,2023-08-24,2023,3,8,August,34,Thursday,0,0,0,1
1333,2023-08-25,2023,3,8,August,34,Friday,0,0,0,1
1334,2023-08-26,2023,3,8,August,34,Saturday,0,0,0,0
1335,2023-08-27,2023,3,8,August,34,Sunday,0,0,0,0
1336,2023-08-28,2023,3,8,August,35,Monday,0,0,0,1
1337,2023-08-29,2023,3,8,August,35,Tuesday,0,0,0,1
1338,2023-08-30,2023,3,8,August,35,Wednesday,0,0,0,1
1339,2023-08-31,2023,3,8,August,35,Thursday,1,0,0,1
1340,2023-09-01,2023,3,9,September,35,Friday,0,0,0,1
1341,2023-09-02,2023,3,9,September,35,Saturday,0,0,0,0
1342,2023-09-03,2023,3,9,September,35,Sunday,0,0,0,0
1343,2023-09-04,2023,3,9,September,36,Monday,0,0,0,1
1344,2023-09-05,2023,3,9,September,36,Tuesday,0,0,0,1
1345,2023-09-06,2023,3,9,September,36,Wednesday,0,0,0,1
1346,2023-09-07,2023,3,9,September,36,Thursday,0,0,0,1
1347,2023-09-08,2023,3,9,September,36,Friday,0,0,0,1
1348,2023-09-09,2023,3,9,September,36,Saturday,0,0,0,0
1349,2023-09-10,2023,3,9,September,36,Sunday,0,0,0,0
1350,2023-09-11,2023,3,9,September,37,Monday,0,0,0,1
1351,2023-09-12,2023,3,9,September,37,Tuesday,0,0,0,1
1352,2023-09-13,2023,3,9,September,37,Wednesday,0,0,0,1
1353,2023-09-14,2023,3,9,September,37,Thursday,0,0,0,1
1354,2023-09-15,2023,3,9,September,37,Friday,0,0,0,1
1355,2023-09-16,2023,3,9,September,37,Saturday,0,0,0,0
1356,2023-09-17,2023,3,9,September,37,Sunday,0,0,0,0
1357,2023-09-18,2023,3,9,September,38,Monday,0,0,0,1
1358,2023-09-19,2023,3,9,September,38,Tuesday,0,0,0,1
1359,2023-09-20,2023,3,9,September,38,Wednesday,0,0,0,1
1360,2023-09-21,2023,3,9,September,38,Thursday,0,0,0,1
1361,2023-09-22,2023,3,9,September,38,Friday,0,0,0,1
1362,2023-09-23,2023,3,9,September,38,Saturday,0,0,0,0
1363,2023-09-24,2023,3,9,September,38,Sunday,0,0,0,0
1364,2023-09-25,2023,3,9,September,39,Monday,0,0,0,1
1365,2023-09-26,2023,3,9,September,39,Tuesday,0,0,0,1
1366,2023-09-27,2023,3,9,September,39,Wednesday,0,0,0,1
1367,2023-09-28,2023,3,9,September,39,Thursday,0,0,0,1
1368,2023-09-29,2023,3,9,September,39,Friday,0,0,0,1
1369,2023-09-30,2023,3,9,September,39,Saturday,1,1,0,0
1370,2023-10-01,2023,4,10,October,39,Sunday,0,0,0,0
1371,2023-10-02,2023,4,10,October,40,Monday,0,0,0,1
1372,2023-10-03,2023,4,10,October,40,Tuesday,0,0,0,1
1373,2023-10-04,2023,4,10,October,40,Wednesday,0,0,0,1
1374,2023-10-05,2023,4,10,October,40,Thursday,0,0,0,1
1375,2023-10-06,2023,4,10,October,40,Friday,0,0,0,1
1376,2023-10-07,2023,4,10,October,40,Saturday,0,0,0,0
1377,2023-10-08,2023,4,10,October,40,Sunday,0,0,0,0
1378,2023-10-09,2023,4,10,October,41,Monday,0,0,0,1
1379,2023-10-10,2023,4,10,October,41,Tuesday,0,0,0,1
1380,2023-10-11,2023,4,10,October,41,Wednesday,0,0,0,1
1381,2023-10-12,2023,4,10,October,41,Thursday,0,0,0,1
1382,2023-10-13,2023,4,10,October,41,Friday,0,0,0,1
1383,2023-10-14,2023,4,10,October,41,Saturday,0,0,0,0
1384,2023-10-15,2023,4,10,October,41,Sunday,0,0,0,0
1385,2023-10-16,2023,4,10,October,42,Monday,0,0,0,1
1386,2023-10-17,2023,4,10,October,42,Tuesday,0,0,0,1
1387,2023-10-18,2023,4,10,October,42,Wednesday,0,0,0,1
1388,2023-10-19,2023,4,10,October,42,Thursday,0,0,0,1
1389,2023-10-20,2023,4,10,October,42,Friday,0,0,0,1
1390,2023-10-21,2023,4,10,October,42,Saturday,0,0,0,0
1391,2023-10-22,2023,4,10,October,42,Sunday,0,0,0,0
1392,2023-10-23,2023,4,10,October,43,Monday,0,0,0,1
1393,2023-10-24,2023,4,10,October,43,Tuesday,0,0,0,1
1394,2023-10-25,2023,4,10,October,43,Wednesday,0,0,0,1
1395,2023-10-26,2023,4,10,October,43,Thursday,0,0,0,1
1396,2023-10-27,2023,4,10,October,43,Friday,0,0,0,1
1397,2023-10-28,2023,4,10,October,43,Saturday,0,0,0,0
1398,2023-10-29,2023,4,10,October,43,Sunday,0,0,0,0
1399,2023-10-30,2023,4,10,October,44,Monday,0,0,0,1
1400,2023-10-31,2023,4,10,October,44,Tuesday,1,0,0,1
1401,2023-11-01,2023,4,11,November,44,Wednesday,0,0,0,1
1402,2023-11-02,2023,4,11,November,44,Thursday,0,0,0,1
1403,2023-11-03,2023,4,11,November,44,Friday,0,0,0,1
1404,2023-11-04,2023,4,11,November,44,Saturday,0,0,0,0
1405,2023-11-05,2023,4,11,November,44,Sunday,0,0,0,0
1406,2023-11-06,2023,4,11,November,45,Monday,0,0,0,1
1407,2023-11-07,2023,4,11,November,45,Tuesday,0,0,0,1
1408,2023-11-08,2023,4,11,November,45,Wednesday,0,0,0,1
1409,2023-11-09,2023,4,11,November,45,Thursday,0,0,0,1
1410,2023-11-10,2023,4,11,November,45,Friday,0,0,0,1
1411,2023-11-11,2023,4,11,November,45,Saturday,0,0,0,0
1412,2023-11-12,2023,4,11,November,45,Sunday,0,0,0,0
1413,2023-11-13,2023,4,11,November,46,Monday,0,0,0,1
1414,2023-11-14,2023,4,11,November,46,Tuesday,0,0,0,1
1415,2023-11-15,2023,4,11,November,46,Wednesday,0,0,0,1
1416,2023-11-16,2023,4,11,November,46,Thursday,0,0,0,1
1417,2023-11-17,2023,4,11,November,46,Friday,0,0,0,1
1418,2023-11-18,2023,4,11,November,46,Saturday,0,0,0,0
1419,2023-11-19,2023,4,11,November,46,Sunday,0,0,0,0
1420,2023-11-20,2023,4,11,November,47,Monday,0,0,0,1
1421,2023-11-21,2023,4,11,November,47,Tuesday,0,0,0,1
1422,2023-11-22,2023,4,11,November,47,Wednesday,0,0,0,1
1423,2023-11-23,2023,4,11,November,47,Thursday,0,0,0,1
1424,2023-11-24,2023,4,11,November,47,Friday,0,0,0,1
1425,2023-11-25,2023,4,11,November,47,Saturday,0,0,0,0
1426,2023-11-26,2023,4,11,November,47,Sunday,0,0,0,0
1427,2023-11-27,2023,4,11,November,48,Monday,0,0,0,1
1428,2023-11-28,2023,4,11,November,48,Tuesday,0,0,0,1
1429,2023-11-29,2023,4,11,November,48,Wednesday,0,0,0,1
1430,2023-11-30,2023,4,11,November,48,Thursday,1,0,0,1
1431,2023-12-01,2023,4,12,December,48,Friday,0,0,0,1
1432,2023-12-02,2023,4,12,December,48,Saturday,0,0,0,0
1433,2023-12-03,2023,4,12,December,48,Sunday,0,0,0,0
1434,2023-12-04,2023,4,12,December,49,Monday,0,0,0,1
1435,2023-12-05,2023,4,12,December,49,Tuesday,0,0,0,1
1436,2023-12-06,2023,4,12,December,49,Wednesday,0,0,0,1
1437,2023-12-07,2023,4,12,December,49,Thursday,0,0,0,1
1438,2023-12-08,2023,4,12,December,49,Friday,0,0,0,1
1439,2023-12-09,2023,4,12,December,49,Saturday,0,0,0,0
1440,2023-12-10,2023,4,12,December,49,Sunday,0,0,0,0
1441,2023-12-11,2023,4,12,December,50,Monday,0,0,0,1
1442,2023-12-12,2023,4,12,December,50,Tuesday,0,0,0,1
1443,2023-12-13,2023,4,12,December,50,Wednesday,0,0,0,1
1444,2023-12-14,2023,4,12,December,50,Thursday,0,0,0,1
1445,2023-12-15,2023,4,12,December,50,Friday,0,0,0,1
1446,2023-12-16,2023,4,12,December,50,Saturday,0,0,0,0
1447,2023-12-17,2023,4,12,December,50,Sunday,0,0,0,0
1448,2023-12-18,2023,4,12,December,51,Monday,0,0,0,1
1449,2023-12-19,2023,4,12,December,51,Tuesday,0,0,0,1
1450,2023-12-20,2023,4,12,December,51,Wednesday,0,0,0,1
1451,2023-12-21,2023,4,12,December,51,Thursday,0,0,0,1
1452,2023-12-22,2023,4,12,December,51,Friday,0,0,0,1
1453,2023-12-23,2023,4,12,December,51,Saturday,0,0,0,0
1454,2023-12-24,2023,4,12,December,51,Sunday,0,0,0,0
1455,2023-12-25,2023,4,12,December,52,Monday,0,0,0,1
1456,2023-12-26,2023,4,12,December,52,Tuesday,0,0,0,1
1457,2023-12-27,2023,4,12,December,52,Wednesday,0,0,0,1
1458,2023-12-28,2023,4,12,December,52,Thursday,0,0,0,1
1459,2023-12-29,2023,4,12,December,52,Friday,0,0,0,1
1460,2023-12-30,2023,4,12,December,52,Saturday,0,0,0,0
1461,2023-12-31,2023,4,12,December,52,Sunday,1,1,1,0
1462,2024-01-01,2024,1,1,January,1,Monday,0,0,0,1
1463,2024-01-02,2024,1,1,January,1,Tuesday,0,0,0,1
1464,2024-01-03,2024,1,1,January,1,Wednesday,0,0,0,1
1465,2024-01-04,2024,1,1,January,1,Thursday,0,0,0,1
1466,2024-01-05,2024,1,1,January,1,Friday,0,0,0,1
1467,2024-01-06,2024,1,1,January,1,Saturday,0,0,0,0
1468,2024-01-07,2024,1,1,January,1,Sunday,0,0,0,0
1469,2024-01-08,2024,1,1,January,2,Monday,0,0,0,1
1470,2024-01-09,2024,1,1,January,2,Tuesday,0,0,0,1
1471,2024-01-10,2024,1,1,January,2,Wednesday,0,0,0,1
1472,2024-01-11,2024,1,1,January,2,Thursday,0,0,0,1
1473,2024-01-12,2024,1,1,January,2,Friday,0,0,0,1
1474,2024-01-13,2024,1,1,January,2,Saturday,0,0,0,0
1475,2024-01-14,2024,1,1,January,2,Sunday,0,0,0,0
1476,2024-01-15,2024,1,1,January,3,Monday,0,0,0,1
1477,2024-01-16,2024,1,1,January,3,Tuesday,0,0,0,1
1478,2024-01-17,2024,1,1,January,3,Wednesday,0,0,0,1
1479,2024-01-18,2024,1,1,January,3,Thursday,0,0,0,1
1480,2024-01-19,2024,1,1,January,3,Friday,0,0,0,1
1481,2024-01-20,2024,1,1,January,3,Saturday,0,0,0,0
1482,2024-01-21,2024,1,1,January,3,Sunday,0,0,0,0
1483,2024-01-22,2024,1,1,January,4,Monday,0,0,0,1
1484,2024-01-23,2024,1,1,January,4,Tuesday,0,0,0,1
1485,2024-01-24,2024,1,1,January,4,Wednesday,0,0,0,1
1486,2024-01-25,2024,1,1,January,4,Thursday,0,0,0,1
1487,2024-01-26,2024,1,1,January,4,Friday,0,0,0,1
1488,2024-01-27,2024,1,1,January,4,Saturday,0,0,0,0
1489,2024-01-28,2024,1,1,January,4,Sunday,0,0,0,0
1490,2024-01-29,2024,1,1,January,5,Monday,0,0,0,1
1491,2024-01-30,2024,1,1,January,5,Tuesday,0,0,0,1
1492,2024-01-31,2024,1,1,January,5,Wednesday,1,0,0,1
1493,2024-02-01,2024,1,2,February,5,Thursday,0,0,0,1
1494,2024-02-02,2024,1,2,February,5,Friday,0,0,0,1
1495,2024-02-03,2024,1,2,February,5,Saturday,0,0,0,0
1496,2024-02-04,2024,1,2,February,5,Sunday,0,0,0,0
1497,2024-02-05,2024,1,2,February,6,Monday,0,0,0,1
1498,2024-02-06,2024,1,2,February,6,Tuesday,0,0,0,1
1499,2024-02-07,2024,1,2,February,6,Wednesday,0,0,0,1
1500,2024-02-08,2024,1,2,February,6,Thursday,0,0,0,1
1501,2024-02-09,2024,1,2,February,6,Friday,0,0,0,1
1502,2024-02-10,2024,1,2,February,6,Saturday,0,0,0,0
1503,2024-02-11,2024,1,2,February,6,Sunday,0,0,0,0
1504,2024-02-12,2024,1,2,February,7,Monday,0,0,0,1
1505,2024-02-13,2024,1,2,February,7,Tuesday,0,0,0,1
1506,2024-02-14,2024,1,2,February,7,Wednesday,0,0,0,1
1507,2024-02-15,2024,1,2,February,7,Thursday,0,0,0,1
1508,2024-02-16,2024,1,2,February,7,Friday,0,0,0,1
1509,2024-02-17,2024,1,2,February,7,Saturday,0,0,0,0
1510,2024-02-18,2024,1,2,February,7,Sunday,0,0,0,0
1511,2024-02-19,2024,1,2,February,8,Monday,0,0,0,1
1512,2024-02-20,2024,1,2,February,8,Tuesday,0,0,0,1
1513,2024-02-21,2024,1,2,February,8,Wednesday,0,0,0,1
1514,2024-02-22,2024,1,2,February,8,Thursday,0,0,0,1
1515,2024-02-23,2024,1,2,February,8,Friday,0,0,0,1
1516,2024-02-24,2024,1,2,February,8,Saturday,0,0,0,0
1517,2024-02-25,2024,1,2,February,8,Sunday,0,0,0,0
1518,2024-02-26,2024,1,2,February,9,Monday,0,0,0,1
1519,2024-02-27,2024,1,2,February,9,Tuesday,0,0,0,1
1520,2024-02-28,2024,1,2,February,9,Wednesday,0,0,0,1
1521,2024-02-29,2024,1,2,February,9,Thursday,1,0,0,1
1522,2024-03-01,2024,1,3,March,9,Friday,0,0,0,1
1523,2024-03-02,2024,1,3,March,9,Saturday,0,0,0,0
1524,2024-03-03,2024,1,3,March,9,Sunday,0,0,0,0
1525,2024-03-04,2024,1,3,March,10,Monday,0,0,0,1
1526,2024-03-05,2024,1,3,March,10,Tuesday,0,0,0,1
1527,2024-03-06,2024,1,3,March,10,Wednesday,0,0,0,1
1528,2024-03-07,2024,1,3,March,10,Thursday,0,0,0,1
1529,2024-03-08,2024,1,3,March,10,Friday,0,0,0,1
1530,2024-03-09,2024,1,3,March,10,Saturday,0,0,0,0
1531,2024-03-10,2024,1,3,March,10,Sunday,0,0,0,0
1532,2024-03-11,2024,1,3,March,11,Monday,0,0,0,1
1533,2024-03-12,2024,1,3,March,11,Tuesday,0,0,0,1
1534,2024-03-13,2024,1,3,March,11,Wednesday,0,0,0,1
1535,2024-03-14,2024,1,3,March,11,Thursday,0,0,0,1
1536,2024-03-15,2024,1,3,March,11,Friday,0,0,0,1
1537,2024-03-16,2024,1,3,March,11,Saturday,0,0,0,0
1538,2024-03-17,2024,1,3,March,11,Sunday,0,0,0,0
1539,2024-03-18,2024,1,3,March,12,Monday,0,0,0,1
1540,2024-03-19,2024,1,3,March,12,Tuesday,0,0,0,1
1541,2024-03-20,2024,1,3,March,12,Wednesday,0,0,0,1
1542,2024-03-21,2024,1,3,March,12,Thursday,0,0,0,1
1543,2024-03-22,2024,1,3,March,12,Friday,0,0,0,1
1544,2024-03-23,2024,1,3,March,12,Saturday,0,0,0,0
1545,2024-03-24,2024,1,3,March,12,Sunday,0,0,0,0
1546,2024-03-25,2024,1,3,March,13,Monday,0,0,0,1
1547,2024-03-26,2024,1,3,March,13,Tuesday,0,0,0,1
1548,2024-03-27,2024,1,3,March,13,Wednesday,0,0,0,1
1549,2024-03-28,2024,1,3,March,13,Thursday,0,0,0,1
1550,2024-03-29,2024,1,3,March,13,Friday,0,0,0,1
1551,2024-03-30,2024,1,3,March,13,Saturday,0,0,0,0
1552,2024-03-31,2024,1,3,March,13,Sunday,1,1,0,0
1553,2024-04-01,2024,2,4,April,14,Monday,0,0,0,1
1554,2024-04-02,2024,2,4,April,14,Tuesday,0,0,0,1
1555,2024-04-03,2024,2,4,April,14,Wednesday,0,0,0,1
1556,2024-04-04,2024,2,4,April,14,Thursday,0,0,0,1
1557,2024-04-05,2024,2,4,April,14,Friday,0,0,0,1
1558,2024-04-06,2024,2,4,April,14,Saturday,0,0,0,0
1559,2024-04-07,2024,2,4,April,14,Sunday,0,0,0,0
1560,2024-04-08,2024,2,4,April,15,Monday,0,0,0,1
1561,2024-04-09,2024,2,4,April,15,Tuesday,0,0,0,1
1562,2024-04-10,2024,2,4,April,15,Wednesday,0,0,0,1
1563,2024-04-11,2024,2,4,April,15,Thursday,0,0,0,1
1564,2024-04-12,2024,2,4,April,15,Friday,0,0,0,1
1565,2024-04-13,2024,2,4,April,15,Saturday,0,0,0,0
1566,2024-04-14,2024,2,4,April,15,Sunday,0,0,0,0
1567,2024-04-15,2024,2,4,April,16,Monday,0,0,0,1
1568,2024-04-16,2024,2,4,April,16,Tuesday,0,0,0,1
1569,2024-04-17,2024,2,4,April,16,Wednesday,0,0,0,1
1570,2024-04-18,2024,2,4,April,16,Thursday,0,0,0,1
1571,2024-04-19,2024,2,4,April,16,Friday,0,0,0,1
1572,2024-04-20,2024,2,4,April,16,Saturday,0,0,0,0
1573,2024-04-21,2024,2,4,April,16,Sunday,0,0,0,0
1574,2024-04-22,2024,2,4,April,17,Monday,0,0,0,1
1575,2024-04-23,2024,2,4,April,17,Tuesday,0,0,0,1
1576,2024-04-24,2024,2,4,April,17,Wednesday,0,0,0,1
1577,2024-04-25,2024,2,4,April,17,Thursday,0,0,0,1
1578,2024-04-26,2024,2,4,April,17,Friday,0,0,0,1
1579,2024-04-27,2024,2,4,April,17,Saturday,0,0,0,0
1580,2024-04-28,2024,2,4,April,17,Sunday,0,0,0,0
1581,2024-04-29,2024,2,4,April,18,Monday,0,0,0,1
1582,2024-04-30,2024,2,4,April,18,Tuesday,1,0,0,1
1583,2024-05-01,2024,2,5,May,18,Wednesday,0,0,0,1
1584,2024-05-02,2024,2,5,May,18,Thursday,0,0,0,1
1585,2024-05-03,2024,2,5,May,18,Friday,0,0,0,1
1586,2024-05-04,2024,2,5,May,18,Saturday,0,0,0,0
1587,2024-05-05,2024,2,5,May,18,Sunday,0,0,0,0
1588,2024-05-06,2024,2,5,May,19,Monday,0,0,0,1
1589,2024-05-07,2024,2,5,May,19,Tuesday,0,0,0,1
1590,2024-05-08,2024,2,5,May,19,Wednesday,0,0,0,1
1591,2024-05-09,2024,2,5,May,19,Thursday,0,0,0,1
1592,2024-05-10,2024,2,5,May,19,Friday,0,0,0,1
1593,2024-05-11,2024,2,5,May,19,Saturday,0,0,0,0
1594,2024-05-12,2024,2,5,May,19,Sunday,0,0,0,0
1595,2024-05-13,2024,2,5,May,20,Monday,0,0,0,1
1596,2024-05-14,2024,2,5,May,20,Tuesday,0,0,0,1
1597,2024-05-15,2024,2,5,May,20,Wednesday,0,0,0,1
1598,2024-05-16,2024,2,5,May,20,Thursday,0,0,0,1
1599,2024-05-17,2024,2,5,May,20,Friday,0,0,0,1
1600,2024-05-18,2024,2,5,May,20,Saturday,0,0,0,0
1601,2024-05-19,2024,2,5,May,20,Sunday,0,0,0,0
1602,2024-05-20,2024,2,5,May,21,Monday,0,0,0,1
1603,2024-05-21,2024,2,5,May,21,Tuesday,0,0,0,1
1604,2024-05-22,2024,2,5,May,21,Wednesday,0,0,0,1
1605,2024-05-23,2024,2,5,May,21,Thursday,0,0,0,1
1606,2024-05-24,2024,2,5,May,21,Friday,0,0,0,1
1607,2024-05-25,2024,2,5,May,21,Saturday,0,0,0,0
1608,2024-05-26,2024,2,5,May,21,Sunday,0,0,0,0
1609,2024-05-27,2024,2,5,May,22,Monday,0,0,0,1
1610,2024-05-28,2024,2,5,May,22,Tuesday,0,0,0,1
1611,2024-05-29,2024,2,5,May,22,Wednesday,0,0,0,1
1612,2024-05-30,2024,2,5,May,22,Thursday,0,0,0,1
1613,2024-05-31,2024,2,5,May,22,Friday,1,0,0,1
1614,2024-06-01,2024,2,6,June,22,Saturday,0,0,0,0
1615,2024-06-02,2024,2,6,June,22,Sunday,0,0,0,0
1616,2024-06-03,2024,2,6,June,23,Monday,0,0,0,1
1617,2024-06-04,2024,2,6,June,23,Tuesday,0,0,0,1
1618,2024-06-05,2024,2,6,June,23,Wednesday,0,0,0,1
1619,2024-06-06,2024,2,6,June,23,Thursday,0,0,0,1
1620,2024-06-07,2024,2,6,June,23,Friday,0,0,0,1
1621,2024-06-08,2024,2,6,June,23,Saturday,0,0,0,0
1622,2024-06-09,2024,2,6,June,23,Sunday,0,0,0,0
1623,2024-06-10,2024,2,6,June,24,Monday,0,0,0,1
1624,2024-06-11,2024,2,6,June,24,Tuesday,0,0,0,1
1625,2024-06-12,2024,2,6,June,24,Wednesday,0,0,0,1
1626,2024-06-13,2024,2,6,June,24,Thursday,0,0,0,1
1627,2024-06-14,2024,2,6,June,24,Friday,0,0,0,1
1628,2024-06-15,2024,2,6,June,24,Saturday,0,0,0,0
1629,2024-06-16,2024,2,6,June,24,Sunday,0,0,0,0
1630,2024-06-17,2024,2,6,June,25,Monday,0,0,0,1
1631,2024-06-18,2024,2,6,June,25,Tuesday,0,0,0,1
1632,2024-06-19,2024,2,6,June,25,Wednesday,0,0,0,1
1633,2024-06-20,2024,2,6,June,25,Thursday,0,0,0,1
1634,2024-06-21,2024,2,6,June,25,Friday,0,0,0,1
1635,2024-06-22,2024,2,6,June,25,Saturday,0,0,0,0
1636,2024-06-23,2024,2,6,June,25,Sunday,0,0,0,0
1637,2024-06-24,2024,2,6,June,26,Monday,0,0,0,1
1638,2024-06-25,2024,2,6,June,26,Tuesday,0,0,0,1
1639,2024-06-26,2024,2,6,June,26,Wednesday,0,0,0,1
1640,2024-06-27,2024,2,6,June,26,Thursday,0,0,0,1
1641,2024-06-28,2024,2,6,June,26,Friday,0,0,0,1
1642,2024-06-29,2024,2,6,June,26,Saturday,0,0,0,0
1643,2024-06-30,2024,2,6,June,26,Sunday,1,1,0,0
1644,2024-07-01,2024,3,7,July,27,Monday,0,0,0,1
1645,2024-07-02,2024,3,7,July,27,Tuesday,0,0,0,1
1646,2024-07-03,2024,3,7,July,27,Wednesday,0,0,0,1
1647,2024-07-04,2024,3,7,July,27,Thursday,0,0,0,1
1648,2024-07-05,2024,3,7,July,27,Friday,0,0,0,1
1649,2024-07-06,2024,3,7,July,27,Saturday,0,0,0,0
1650,2024-07-07,2024,3,7,July,27,Sunday,0,0,0,0
1651,2024-07-08,2024,3,7,July,28,Monday,0,0,0,1
1652,2024-07-09,2024,3,7,July,28,Tuesday,0,0,0,1
1653,2024-07-10,2024,3,7,July,28,Wednesday,0,0,0,1
1654,2024-07-11,2024,3,7,July,28,Thursday,0,0,0,1
1655,2024-07-12,2024,3,7,July,28,Friday,0,0,0,1
1656,2024-07-13,2024,3,7,July,28,Saturday,0,0,0,0
1657,2024-07-14,2024,3,7,July,28,Sunday,0,0,0,0
1658,2024-07-15,2024,3,7,July,29,Monday,0,0,0,1
1659,2024-07-16,2024,3,7,July,29,Tuesday,0,0,0,1
1660,2024-07-17,2024,3,7,July,29,Wednesday,0,0,0,1
1661,2024-07-18,2024,3,7,July,29,Thursday,0,0,0,1
1662,2024-07-19,2024,3,7,July,29,Friday,0,0,0,1
1663,2024-07-20,2024,3,7,July,29,Saturday,0,0,0,0
1664,2024-07-21,2024,3,7,July,29,Sunday,0,0,0,0
1665,2024-07-22,2024,3,7,July,30,Monday,0,0,0,1
1666,2024-07-23,2024,3,7,July,30,Tuesday,0,0,0,1
1667,2024-07-24,2024,3,7,July,30,Wednesday,0,0,0,1
1668,2024-07-25,2024,3,7,July,30,Thursday,0,0,0,1
1669,2024-07-26,2024,3,7,July,30,Friday,0,0,0,1
1670,2024-07-27,2024,3,7,July,30,Saturday,0,0,0,0
1671,2024-07-28,2024,3,7,July,30,Sunday,0,0,0,0
1672,2024-07-29,2024,3,7,July,31,Monday,0,0,0,1
1673,2024-07-30,2024,3,7,July,31,Tuesday,0,0,0,1
1674,2024-07-31,2024,3,7,July,31,Wednesday,1,0,0,1
1675,2024-08-01,2024,3,8,August,31,Thursday,0,0,0,1
1676,2024-08-02,2024,3,8,August,31,Friday,0,0,0,1
1677,2024-08-03,2024,3,8,August,31,Saturday,0,0,0,0
1678,2024-08-04,2024,3,8,August,31,Sunday,0,0,0,0
1679,2024-08-05,2024,3,8,August,32,Monday,0,0,0,1
1680,2024-08-06,2024,3,8,August,32,Tuesday,0,0,0,1
1681,2024-08-07,2024,3,8,August,32,Wednesday,0,0,0,1
1682,2024-08-08,2024,3,8,August,32,Thursday,0,0,0,1
1683,2024-08-09,2024,3,8,August,32,Friday,0,0,0,1
1684,2024-08-10,2024,3,8,August,32,Saturday,0,0,0,0
1685,2024-08-11,2024,3,8,August,32,Sunday,0,0,0,0
1686,2024-08-12,2024,3,8,August,33,Monday,0,0,0,1
1687,2024-08-13,2024,3,8,August,33,Tuesday,0,0,0,1
1688,2024-08-14,2024,3,8,August,33,Wednesday,0,0,0,1
1689,2024-08-15,2024,3,8,August,33,Thursday,0,0,0,1
1690,2024-08-16,2024,3,8,August,33,Friday,0,0,0,1
1691,2024-08-17,2024,3,8,August,33,Saturday,0,0,0,0
1692,2024-08-18,2024,3,8,August,33,Sunday,0,0,0,0
1693,2024-08-19,2024,3,8,August,34,Monday,0,0,0,1
1694,2024-08-20,2024,3,8,August,34,Tuesday,0,0,0,1
1695,2024-08-21,2024,3,8,August,34,Wednesday,0,0,0,1
1696,2024-08-22,2024,3,8,August,34,Thursday,0,0,0,1
1697,2024-08-23,2024,3,8,August,34,Friday,0,0,0,1
1698,2024-08-24,2024,3,8,August,34,Saturday,0,0,0,0
1699,2024-08-25,2024,3,8,August,34,Sunday,0,0,0,0
1700,2024-08-26,2024,3,8,August,35,Monday,0,0,0,1
1701,2024-08-27,2024,3,8,August,35,Tuesday,0,0,0,1
1702,2024-08-28,2024,3,8,August,35,Wednesday,0,0,0,1
1703,2024-08-29,2024,3,8,August,35,Thursday,0,0,0,1
1704,2024-08-30,2024,3,8,August,35,Friday,0,0,0,1
1705,2024-08-31,2024,3,8,August,35,Saturday,1,0,0,0
1706,2024-09-01,2024,3,9,September,35,Sunday,0,0,0,0
1707,2024-09-02,2024,3,9,September,36,Monday,0,0,0,1
1708,2024-09-03,2024,3,9,September,36,Tuesday,0,0,0,1
1709,2024-09-04,2024,3,9,September,36,Wednesday,0,0,0,1
1710,2024-09-05,2024,3,9,September,36,Thursday,0,0,0,1
1711,2024-09-06,2024,3,9,September,36,Friday,0,0,0,1
1712,2024-09-07,2024,3,9,September,36,Saturday,0,0,0,0
1713,2024-09-08,2024,3,9,September,36,Sunday,0,0,0,0
1714,2024-09-09,2024,3,9,September,37,Monday,0,0,0,1
1715,2024-09-10,2024,3,9,September,37,Tuesday,0,0,0,1
1716,2024-09-11,2024,3,9,September,37,Wednesday,0,0,0,1
1717,2024-09-12,2024,3,9,September,37,Thursday,0,0,0,1
1718,2024-09-13,2024,3,9,September,37,Friday,0,0,0,1
1719,2024-09-14,2024,3,9,September,37,Saturday,0,0,0,0
1720,2024-09-15,2024,3,9,September,37,Sunday,0,0,0,0
1721,2024-09-16,2024,3,9,September,38,Monday,0,0,0,1
1722,2024-09-17,2024,3,9,September,38,Tuesday,0,0,0,1
1723,2024-09-18,2024,3,9,September,38,Wednesday,0,0,0,1
1724,2024-09-19,2024,3,9,September,38,Thursday,0,0,0,1
1725,2024-09-20,2024,3,9,September,38,Friday,0,0,0,1
1726,2024-09-21,2024,3,9,September,38,Saturday,0,0,0,0
1727,2024-09-22,2024,3,9,September,38,Sunday,0,0,0,0
1728,2024-09-23,2024,3,9,September,39,Monday,0,0,0,1
1729,2024-09-24,2024,3,9,September,39,Tuesday,0,0,0,1
1730,2024-09-25,2024,3,9,September,39,Wednesday,0,0,0,1
1731,2024-09-26,2024,3,9,September,39,Thursday,0,0,0,1
1732,2024-09-27,2024,3,9,September,39,Friday,0,0,0,1
1733,2024-09-28,2024,3,9,September,39,Saturday,0,0,0,0
1734,2024-09-29,2024,3,9,September,39,Sunday,0,0,0,0
1735,2024-09-30,2024,3,9,September,40,Monday,1,1,0,1
1736,2024-10-01,2024,4,10,October,40,Tuesday,0,0,0,1
1737,2024-10-02,2024,4,10,October,40,Wednesday,0,0,0,1
1738,2024-10-03,2024,4,10,October,40,Thursday,0,0,0,1
1739,2024-10-04,2024,4,10,October,40,Friday,0,0,0,1
1740,2024-10-05,2024,4,10,October,40,Saturday,0,0,0,0
1741,2024-10-06,2024,4,10,October,40,Sunday,0,0,0,0
1742,2024-10-07,2024,4,10,October,41,Monday,0,0,0,1
1743,2024-10-08,2024,4,10,October,41,Tuesday,0,0,0,1
1744,2024-10-09,2024,4,10,October,41,Wednesday,0,0,0,1
1745,2024-10-10,2024,4,10,October,41,Thursday,0,0,0,1
1746,2024-10-11,2024,4,10,October,41,Friday,0,0,0,1
1747,2024-10-12,2024,4,10,October,41,Saturday,0,0,0,0
1748,2024-10-13,2024,4,10,October,41,Sunday,0,0,0,0
1749,2024-10-14,2024,4,10,October,42,Monday,0,0,0,1
1750,2024-10-15,2024,4,10,October,42,Tuesday,0,0,0,1
1751,2024-10-16,2024,4,10,October,42,Wednesday,0,0,0,1
1752,2024-10-17,2024,4,10,October,42,Thursday,0,0,0,1
1753,2024-10-18,2024,4,10,October,42,Friday,0,0,0,1
1754,2024-10-19,2024,4,10,October,42,Saturday,0,0,0,0
1755,2024-10-20,2024,4,10,October,42,Sunday,0,0,0,0
1756,2024-10-21,2024,4,10,October,43,Monday,0,0,0,1
1757,2024-10-22,2024,4,10,October,43,Tuesday,0,0,0,1
1758,2024-10-23,2024,4,10,October,43,Wednesday,0,0,0,1
1759,2024-10-24,2024,4,10,October,43,Thursday,0,0,0,1
1760,2024-10-25,2024,4,10,October,43,Friday,0,0,0,1
1761,2024-10-26,2024,4,10,October,43,Saturday,0,0,0,0
1762,2024-10-27,2024,4,10,October,43,Sunday,0,0,0,0
1763,2024-10-28,2024,4,10,October,44,Monday,0,0,0,1
1764,2024-10-29,2024,4,10,October,44,Tuesday,0,0,0,1
1765,2024-10-30,2024,4,10,October,44,Wednesday,0,0,0,1
1766,2024-10-31,2024,4,10,October,44,Thursday,1,0,0,1
1767,2024-11-01,2024,4,11,November,44,Friday,0,0,0,1
1768,2024-11-02,2024,4,11,November,44,Saturday,0,0,0,0
1769,2024-11-03,2024,4,11,November,44,Sunday,0,0,0,0
1770,2024-11-04,2024,4,11,November,45,Monday,0,0,0,1
1771,2024-11-05,2024,4,11,November,45,Tuesday,0,0,0,1
1772,2024-11-06,2024,4,11,November,45,Wednesday,0,0,0,1
1773,2024-11-07,2024,4,11,November,45,Thursday,0,0,0,1
1774,2024-11-08,2024,4,11,November,45,Friday,0,0,0,1
1775,2024-11-09,2024,4,11,November,45,Saturday,0,0,0,0
1776,2024-11-10,2024,4,11,November,45,Sunday,0,0,0,0
1777,2024-11-11,2024,4,11,November,46,Monday,0,0,0,1
1778,2024-11-12,2024,4,11,November,46,Tuesday,0,0,0,1
1779,2024-11-13,2024,4,11,November,46,Wednesday,0,0,0,1
1780,2024-11-14,2024,4,11,November,46,Thursday,0,0,0,1
1781,2024-11-15,2024,4,11,November,46,Friday,0,0,0,1
1782,2024-11-16,2024,4,11,November,46,Saturday,0,0,0,0
1783,2024-11-17,2024,4,11,November,46,Sunday,0,0,0,0
1784,2024-11-18,2024,4,11,November,47,Monday,0,0,0,1
1785,2024-11-19,2024,4,11,November,47,Tuesday,0,0,0,1
1786,2024-11-20,2024,4,11,November,47,Wednesday,0,0,0,1
1787,2024-11-21,2024,4,11,November,47,Thursday,0,0,0,1
1788,2024-11-22,2024,4,11,November,47,Friday,0,0,0,1
1789,2024-11-23,2024,4,11,November,47,Saturday,0,0,0,0
1790,2024-11-24,2024,4,11,November,47,Sunday,0,0,0,0
1791,2024-11-25,2024,4,11,November,48,Monday,0,0,0,1
1792,2024-11-26,2024,4,11,November,48,Tuesday,0,0,0,1
1793,2024-11-27,2024,4,11,November,48,Wednesday,0,0,0,1
1794,2024-11-28,2024,4,11,November,48,Thursday,0,0,0,1
1795,2024-11-29,2024,4,11,November,48,Friday,0,0,0,1
1796,2024-11-30,2024,4,11,November,48,Saturday,1,0,0,0
1797,2024-12-01,2024,4,12,December,48,Sunday,0,0,0,0
1798,2024-12-02,2024,4,12,December,49,Monday,0,0,0,1
1799,2024-12-03,2024,4,12,December,49,Tuesday,0,0,0,1
1800,2024-12-04,2024,4,12,December,49,Wednesday,0,0,0,1
1801,2024-12-05,2024,4,12,December,49,Thursday,0,0,0,1
1802,2024-12-06,2024,4,12,December,49,Friday,0,0,0,1
1803,2024-12-07,2024,4,12,December,49,Saturday,0,0,0,0
1804,2024-12-08,2024,4,12,December,49,Sunday,0,0,0,0
1805,2024-12-09,2024,4,12,December,50,Monday,0,0,0,1
1806,2024-12-10,2024,4,12,December,50,Tuesday,0,0,0,1
1807,2024-12-11,2024,4,12,December,50,Wednesday,0,0,0,1
1808,2024-12-12,2024,4,12,December,50,Thursday,0,0,0,1
1809,2024-12-13,2024,4,12,December,50,Friday,0,0,0,1
1810,2024-12-14,2024,4,12,December,50,Saturday,0,0,0,0
1811,2024-12-15,2024,4,12,December,50,Sunday,0,0,0,0
1812,2024-12-16,2024,4,12,December,51,Monday,0,0,0,1
1813,2024-12-17,2024,4,12,December,51,Tuesday,0,0,0,1
1814,2024-12-18,2024,4,12,December,51,Wednesday,0,0,0,1
1815,2024-12-19,2024,4,12,December,51,Thursday,0,0,0,1
1816,2024-12-20,2024,4,12,December,51,Friday,0,0,0,1
1817,2024-12-21,2024,4,12,December,51,Saturday,0,0,0,0
1818,2024-12-22,2024,4,12,December,51,Sunday,0,0,0,0
1819,2024-12-23,2024,4,12,December,52,Monday,0,0,0,1
1820,2024-12-24,2024,4,12,December,52,Tuesday,0,0,0,1
1821,2024-12-25,2024,4,12,December,52,Wednesday,0,0,0,1
1822,2024-12-26,2024,4,12,December,52,Thursday,0,0,0,1
1823,2024-12-27,2024,4,12,December,52,Friday,0,0,0,1
1824,2024-12-28,2024,4,12,December,52,Saturday,0,0,0,0
1825,2024-12-29,2024,4,12,December,52,Sunday,0,0,0,0
1826,2024-12-30,2024,4,12,December,1,Monday,0,0,0,1
1827,2024-12-31,2024,4,12,December,1,Tuesday,1,1,1,1
